RH and T log,Mon Sep  1 20:38:33 2025
Time (s),RH1,RH2,RH3,RH4,T1,T2,T3,T4
14.47,72.02,72.99,0,0,24.32,24.03,0,0
14.5,72.02,72.97,0,0,24.32,24.04,0,0
15.52,72.01,72.97,0,0,24.31,24.04,0,0
15.55,72.01,72.96,0,0,24.31,24.04,0,0
16.57,72.01,72.96,0,0,24.3,24.04,0,0
16.65,72.01,72.92,0,0,24.3,24.05,0,0
17.53,72.03,72.92,0,0,24.31,24.05,0,0
17.62,72.03,72.9,0,0,24.31,24.06,0,0
18.56,72.03,72.9,0,0,24.31,24.06,0,0
18.63,72.03,72.94,0,0,24.31,24.05,0,0
19.48,72.03,72.94,0,0,24.3,24.05,0,0
19.54,72.03,72.95,0,0,24.3,24.06,0,0
20.49,72.05,72.95,0,0,24.29,24.06,0,0
20.53,72.05,72.94,0,0,24.29,24.05,0,0
21.5,72.07,72.94,0,0,24.3,24.05,0,0
21.55,72.07,72.97,0,0,24.3,24.03,0,0
22.48,72.08,72.97,0,0,24.29,24.03,0,0
22.55,72.08,72.99,0,0,24.29,24.03,0,0
23.49,72.09,72.99,0,0,24.28,24.03,0,0
23.53,72.09,73.01,0,0,24.28,24.05,0,0
24.51,72.12,73.01,0,0,24.3,24.05,0,0
24.56,72.12,73.0,0,0,24.3,24.01,0,0
25.52,72.14,73.0,0,0,24.3,24.01,0,0
25.57,72.14,73.01,0,0,24.3,24.03,0,0
26.49,72.14,73.01,0,0,24.3,24.03,0,0
26.56,72.14,72.99,0,0,24.3,24.02,0,0
27.48,72.12,72.99,0,0,24.3,24.02,0,0
27.54,72.12,72.98,0,0,24.3,24.01,0,0
28.52,72.13,72.98,0,0,24.27,24.01,0,0
28.58,72.13,72.98,0,0,24.27,24.05,0,0
29.53,72.13,72.98,0,0,24.29,24.05,0,0
29.59,72.13,72.93,0,0,24.29,24.01,0,0
30.54,72.1,72.93,0,0,24.25,24.01,0,0
30.6,72.1,72.96,0,0,24.25,24.02,0,0
31.65,72.12,72.96,0,0,24.26,24.02,0,0
31.72,72.12,72.97,0,0,24.26,24.02,0,0
32.5,72.09,72.97,0,0,24.27,24.02,0,0
32.56,72.09,72.97,0,0,24.27,24.0,0,0
33.54,72.1,72.97,0,0,24.28,24.0,0,0
33.6,72.1,72.96,0,0,24.28,24.01,0,0
34.53,72.08,72.96,0,0,24.26,24.01,0,0
34.58,72.08,72.98,0,0,24.26,24.01,0,0
35.56,72.09,72.98,0,0,24.25,24.01,0,0
35.61,72.09,72.98,0,0,24.25,24.02,0,0
36.53,72.09,72.98,0,0,24.26,24.02,0,0
36.6,72.09,72.97,0,0,24.26,24.02,0,0
37.49,72.11,72.97,0,0,24.26,24.02,0,0
37.55,72.11,72.97,0,0,24.26,24.0,0,0
38.57,72.1,72.97,0,0,24.29,24.0,0,0
38.62,72.1,72.98,0,0,24.29,24.03,0,0
39.49,72.11,72.98,0,0,24.29,24.03,0,0
39.54,72.11,73.01,0,0,24.29,24.01,0,0
40.53,72.1,73.01,0,0,24.27,24.01,0,0
40.58,72.1,73.03,0,0,24.27,24.0,0,0
41.51,72.09,73.03,0,0,24.29,24.0,0,0
41.56,72.09,73.03,0,0,24.29,23.99,0,0
42.52,72.07,73.03,0,0,24.26,23.99,0,0
42.56,72.07,73.04,0,0,24.26,24.0,0,0
43.53,72.09,73.04,0,0,24.28,24.0,0,0
43.57,72.09,73.08,0,0,24.28,24.0,0,0
44.52,72.08,73.08,0,0,24.29,24.0,0,0
44.57,72.08,73.06,0,0,24.29,24.0,0,0
45.53,72.07,73.06,0,0,24.29,24.0,0,0
45.61,72.07,73.08,0,0,24.29,24.0,0,0
46.62,72.05,73.08,0,0,24.25,24.0,0,0
46.69,72.05,73.08,0,0,24.25,24.0,0,0
47.51,72.06,73.08,0,0,24.28,24.0,0,0
47.56,72.06,73.1,0,0,24.28,23.99,0,0
48.5,72.1,73.1,0,0,24.29,23.99,0,0
48.57,72.1,73.12,0,0,24.29,23.99,0,0
49.5,72.08,73.12,0,0,24.25,23.99,0,0
49.56,72.08,73.15,0,0,24.25,24.0,0,0
50.5,72.12,73.15,0,0,24.25,24.0,0,0
50.57,72.12,73.17,0,0,24.25,24.0,0,0
51.51,72.11,73.17,0,0,24.27,24.0,0,0
51.56,72.11,73.17,0,0,24.27,24.0,0,0
52.53,72.13,73.17,0,0,24.26,24.0,0,0
52.59,72.13,73.15,0,0,24.26,24.0,0,0
53.52,72.15,73.15,0,0,24.27,24.0,0,0
53.59,72.15,73.13,0,0,24.27,23.97,0,0
54.51,72.18,73.13,0,0,24.27,23.97,0,0
54.56,72.18,73.15,0,0,24.27,23.96,0,0
55.54,72.21,73.15,0,0,24.27,23.96,0,0
55.59,72.21,73.16,0,0,24.27,24.0,0,0
56.55,72.19,73.16,0,0,24.25,24.0,0,0
56.61,72.19,73.15,0,0,24.25,23.95,0,0
57.59,72.2,73.15,0,0,24.26,23.95,0,0
57.66,72.2,73.15,0,0,24.26,23.95,0,0
58.58,72.21,73.15,0,0,24.23,23.95,0,0
58.65,72.21,73.14,0,0,24.23,23.98,0,0
59.51,72.21,73.14,0,0,24.25,23.98,0,0
59.61,72.21,73.16,0,0,24.25,23.98,0,0
60.51,72.24,73.16,0,0,24.24,23.98,0,0
60.68,72.24,73.17,0,0,24.24,23.98,0,0
61.51,72.24,73.17,0,0,24.23,23.98,0,0
61.66,72.24,73.21,0,0,24.23,23.96,0,0
62.47,72.28,73.21,0,0,24.26,23.96,0,0
62.59,72.28,73.23,0,0,24.26,23.96,0,0
63.52,72.25,73.23,0,0,24.26,23.96,0,0
63.65,72.25,73.24,0,0,24.26,23.97,0,0
64.38,72.24,73.24,0,0,24.25,23.97,0,0
64.57,72.24,73.24,0,0,24.25,23.98,0,0
65.49,72.26,73.24,0,0,24.25,23.98,0,0
65.58,72.26,73.26,0,0,24.25,23.95,0,0
66.48,72.26,73.26,0,0,24.26,23.95,0,0
66.57,72.26,73.27,0,0,24.26,23.96,0,0
67.38,72.23,73.27,0,0,24.27,23.96,0,0
67.55,72.23,73.29,0,0,24.27,23.95,0,0
68.5,72.22,73.29,0,0,24.29,23.95,0,0
68.63,72.22,73.29,0,0,24.29,23.95,0,0
69.46,72.21,73.29,0,0,24.27,23.95,0,0
69.56,72.21,73.33,0,0,24.27,23.95,0,0
70.47,72.23,73.33,0,0,24.3,23.95,0,0
70.64,72.23,73.27,0,0,24.3,23.93,0,0
71.38,72.21,73.27,0,0,24.29,23.93,0,0
71.61,72.21,73.29,0,0,24.29,23.97,0,0
72.38,72.22,73.29,0,0,24.29,23.97,0,0
72.58,72.22,73.27,0,0,24.29,23.95,0,0
73.37,72.17,73.27,0,0,24.29,23.95,0,0
73.57,72.17,73.24,0,0,24.29,23.95,0,0
74.37,72.17,73.24,0,0,24.29,23.95,0,0
74.55,72.17,73.22,0,0,24.29,23.96,0,0
75.37,72.15,73.22,0,0,24.29,23.96,0,0
75.62,72.15,73.2,0,0,24.29,23.95,0,0
76.37,72.15,73.2,0,0,24.3,23.95,0,0
76.64,72.15,73.2,0,0,24.3,23.96,0,0
77.37,72.1,73.2,0,0,24.31,23.96,0,0
77.55,72.1,73.2,0,0,24.31,23.93,0,0
78.37,72.06,73.2,0,0,24.3,23.93,0,0
78.55,72.06,73.23,0,0,24.3,23.96,0,0
79.37,72.04,73.23,0,0,24.32,23.96,0,0
79.53,72.04,73.22,0,0,24.32,23.96,0,0
80.37,72.02,73.22,0,0,24.3,23.96,0,0
80.52,72.02,73.19,0,0,24.3,23.95,0,0
81.37,72.03,73.19,0,0,24.28,23.95,0,0
81.54,72.03,73.24,0,0,24.28,23.97,0,0
82.37,72.01,73.24,0,0,24.31,23.97,0,0
82.63,72.01,73.23,0,0,24.31,23.98,0,0
83.36,72.02,73.23,0,0,24.3,23.98,0,0
83.56,72.02,73.21,0,0,24.3,23.94,0,0
84.36,71.99,73.21,0,0,24.3,23.94,0,0
84.48,71.99,73.22,0,0,24.3,23.96,0,0
85.36,72.01,73.22,0,0,24.29,23.96,0,0
85.54,72.01,73.2,0,0,24.29,23.94,0,0
86.36,72.0,73.2,0,0,24.3,23.94,0,0
86.56,72.0,73.21,0,0,24.3,23.95,0,0
87.36,72.0,73.21,0,0,24.28,23.95,0,0
87.55,72.0,73.19,0,0,24.28,23.95,0,0
88.36,71.99,73.19,0,0,24.3,23.95,0,0
88.6,71.99,73.23,0,0,24.3,23.95,0,0
89.36,72.04,73.23,0,0,24.31,23.95,0,0
89.52,72.04,73.23,0,0,24.31,23.96,0,0
90.36,72.04,73.23,0,0,24.3,23.96,0,0
90.51,72.04,73.23,0,0,24.3,23.92,0,0
91.36,72.01,73.23,0,0,24.29,23.92,0,0
91.55,72.01,73.2,0,0,24.29,23.95,0,0
92.35,72.04,73.2,0,0,24.29,23.95,0,0
92.48,72.04,73.17,0,0,24.29,23.93,0,0
93.36,72.04,73.17,0,0,24.3,23.93,0,0
93.49,72.04,73.13,0,0,24.3,23.94,0,0
94.35,72.04,73.13,0,0,24.3,23.94,0,0
94.48,72.04,73.08,0,0,24.3,23.95,0,0
95.35,72.02,73.08,0,0,24.3,23.95,0,0
95.39,72.02,73.09,0,0,24.3,23.96,0,0
96.35,72.0,73.09,0,0,24.28,23.96,0,0
96.39,72.0,73.1,0,0,24.28,23.96,0,0
97.35,71.99,73.1,0,0,24.29,23.96,0,0
97.39,71.99,73.06,0,0,24.29,23.95,0,0
98.35,71.95,73.06,0,0,24.28,23.95,0,0
98.39,71.95,73.08,0,0,24.28,23.96,0,0
99.35,71.98,73.08,0,0,24.3,23.96,0,0
99.39,71.98,73.09,0,0,24.3,23.98,0,0
100.35,71.96,73.09,0,0,24.29,23.98,0,0
100.38,71.96,73.05,0,0,24.29,23.96,0,0
101.35,71.95,73.05,0,0,24.27,23.96,0,0
101.38,71.95,73.07,0,0,24.27,23.98,0,0
102.35,71.95,73.07,0,0,24.31,23.98,0,0
102.38,71.95,73.03,0,0,24.31,23.95,0,0
103.35,71.98,73.03,0,0,24.31,23.95,0,0
103.38,71.98,73.01,0,0,24.31,23.98,0,0
104.34,71.97,73.01,0,0,24.31,23.98,0,0
104.38,71.97,72.96,0,0,24.31,23.97,0,0
105.34,71.93,72.96,0,0,24.28,23.97,0,0
105.38,71.93,72.98,0,0,24.28,23.97,0,0
106.34,71.94,72.98,0,0,24.29,23.97,0,0
106.38,71.94,72.98,0,0,24.29,23.96,0,0
107.34,71.91,72.98,0,0,24.28,23.96,0,0
107.37,71.91,73.03,0,0,24.28,23.97,0,0
108.34,71.93,73.03,0,0,24.28,23.97,0,0
108.38,71.93,73.02,0,0,24.28,23.97,0,0
109.34,71.93,73.02,0,0,24.29,23.97,0,0
109.37,71.93,73.0,0,0,24.29,23.97,0,0
110.34,71.92,73.0,0,0,24.28,23.97,0,0
110.38,71.92,73.0,0,0,24.28,23.96,0,0
111.34,71.93,73.0,0,0,24.28,23.96,0,0
111.37,71.93,73.03,0,0,24.28,23.97,0,0
112.34,71.93,73.03,0,0,24.29,23.97,0,0
112.37,71.93,73.01,0,0,24.29,23.97,0,0
113.34,71.87,73.01,0,0,24.28,23.97,0,0
113.37,71.87,73.04,0,0,24.28,23.96,0,0
114.34,71.86,73.04,0,0,24.29,23.96,0,0
114.37,71.86,73.1,0,0,24.29,23.97,0,0
115.33,71.85,73.1,0,0,24.28,23.97,0,0
115.37,71.85,73.11,0,0,24.28,23.94,0,0
116.33,71.89,73.11,0,0,24.28,23.94,0,0
116.37,71.89,73.15,0,0,24.28,23.95,0,0
117.33,71.92,73.15,0,0,24.27,23.95,0,0
117.37,71.92,73.17,0,0,24.27,23.95,0,0
118.33,71.96,73.17,0,0,24.29,23.95,0,0
118.37,71.96,73.25,0,0,24.29,23.96,0,0
119.33,72.01,73.25,0,0,24.3,23.96,0,0
119.37,72.01,73.25,0,0,24.3,23.95,0,0
120.33,72.04,73.25,0,0,24.29,23.95,0,0
120.36,72.04,73.26,0,0,24.29,23.96,0,0
121.35,72.07,73.26,0,0,24.26,23.96,0,0
121.39,72.07,73.25,0,0,24.26,23.96,0,0
122.33,72.08,73.25,0,0,24.26,23.96,0,0
122.36,72.08,73.26,0,0,24.26,23.94,0,0
123.33,72.07,73.26,0,0,24.27,23.94,0,0
123.36,72.07,73.26,0,0,24.27,23.96,0,0
124.33,72.07,73.26,0,0,24.27,23.96,0,0
124.36,72.07,73.26,0,0,24.27,23.97,0,0
125.32,72.09,73.26,0,0,24.29,23.97,0,0
125.36,72.09,73.28,0,0,24.29,23.96,0,0
126.33,72.1,73.28,0,0,24.27,23.96,0,0
126.36,72.1,73.3,0,0,24.27,23.94,0,0
127.32,72.08,73.3,0,0,24.28,23.94,0,0
127.36,72.08,73.27,0,0,24.28,23.96,0,0
128.32,72.08,73.27,0,0,24.28,23.96,0,0
128.36,72.08,73.3,0,0,24.28,23.95,0,0
129.32,72.07,73.3,0,0,24.26,23.95,0,0
129.36,72.07,73.29,0,0,24.26,23.93,0,0
130.32,72.07,73.29,0,0,24.29,23.93,0,0
130.36,72.07,73.29,0,0,24.29,23.94,0,0
131.32,72.08,73.29,0,0,24.29,23.94,0,0
131.36,72.08,73.25,0,0,24.29,23.94,0,0
132.32,72.06,73.25,0,0,24.28,23.94,0,0
132.36,72.06,73.25,0,0,24.28,23.93,0,0
133.32,72.09,73.25,0,0,24.31,23.93,0,0
133.35,72.09,73.25,0,0,24.31,23.94,0,0
134.32,72.05,73.25,0,0,24.31,23.94,0,0
134.35,72.05,73.24,0,0,24.31,23.93,0,0
135.32,72.05,73.24,0,0,24.32,23.93,0,0
135.35,72.05,73.25,0,0,24.32,23.95,0,0
136.32,72.07,73.25,0,0,24.32,23.95,0,0
136.35,72.07,73.24,0,0,24.32,23.96,0,0
137.31,72.03,73.24,0,0,24.31,23.96,0,0
137.35,72.03,73.25,0,0,24.31,23.95,0,0
138.31,72.02,73.25,0,0,24.33,23.95,0,0
138.35,72.02,73.25,0,0,24.33,23.96,0,0
139.31,71.98,73.25,0,0,24.31,23.96,0,0
139.35,71.98,73.25,0,0,24.31,23.94,0,0
140.31,71.98,73.25,0,0,24.3,23.94,0,0
140.35,71.98,73.23,0,0,24.3,23.94,0,0
141.31,71.99,73.23,0,0,24.29,23.94,0,0
141.35,71.99,73.24,0,0,24.29,23.96,0,0
142.31,72.0,73.24,0,0,24.3,23.96,0,0
142.35,72.0,73.24,0,0,24.3,23.95,0,0
143.31,71.97,73.24,0,0,24.29,23.95,0,0
143.35,71.97,73.29,0,0,24.29,23.93,0,0
144.31,71.99,73.29,0,0,24.31,23.93,0,0
144.34,71.99,73.28,0,0,24.31,23.96,0,0
145.31,71.98,73.28,0,0,24.29,23.96,0,0
145.34,71.98,73.24,0,0,24.29,23.96,0,0
146.3,71.99,73.24,0,0,24.3,23.96,0,0
146.34,71.99,73.24,0,0,24.3,23.94,0,0
147.3,71.99,73.24,0,0,24.3,23.94,0,0
147.34,71.99,73.24,0,0,24.3,23.95,0,0
148.31,71.97,73.24,0,0,24.29,23.95,0,0
148.34,71.97,73.24,0,0,24.29,23.94,0,0
149.3,72.0,73.24,0,0,24.28,23.94,0,0
149.34,72.0,73.25,0,0,24.28,23.95,0,0
150.3,71.97,73.25,0,0,24.28,23.95,0,0
150.34,71.97,73.28,0,0,24.28,23.94,0,0
151.3,71.99,73.28,0,0,24.29,23.94,0,0
151.33,71.99,73.3,0,0,24.29,23.95,0,0
152.33,72.01,73.3,0,0,24.27,23.95,0,0
152.36,72.01,73.27,0,0,24.27,23.95,0,0
153.3,72.02,73.27,0,0,24.3,23.95,0,0
153.33,72.02,73.24,0,0,24.3,23.95,0,0
154.3,72.06,73.24,0,0,24.3,23.95,0,0
154.33,72.06,73.24,0,0,24.3,23.94,0,0
155.3,72.04,73.24,0,0,24.29,23.94,0,0
155.33,72.04,73.22,0,0,24.29,23.93,0,0
156.29,72.02,73.22,0,0,24.27,23.93,0,0
156.33,72.02,73.22,0,0,24.27,23.93,0,0
157.31,72.03,73.22,0,0,24.27,23.93,0,0
157.35,72.03,73.2,0,0,24.27,23.93,0,0
158.3,72.01,73.2,0,0,24.26,23.93,0,0
158.33,72.01,73.18,0,0,24.26,23.94,0,0
159.31,72.03,73.18,0,0,24.26,23.94,0,0
159.35,72.03,73.21,0,0,24.26,23.95,0,0
160.29,72.03,73.21,0,0,24.29,23.95,0,0
160.33,72.03,73.21,0,0,24.29,23.95,0,0
161.29,72.05,73.21,0,0,24.29,23.95,0,0
161.32,72.05,73.2,0,0,24.29,23.94,0,0
162.29,72.03,73.2,0,0,24.26,23.94,0,0
162.33,72.03,73.23,0,0,24.26,23.94,0,0
163.32,72.04,73.23,0,0,24.27,23.94,0,0
163.36,72.04,73.22,0,0,24.27,23.95,0,0
164.33,72.03,73.22,0,0,24.29,23.95,0,0
164.37,72.03,73.21,0,0,24.29,23.93,0,0
165.31,72.01,73.21,0,0,24.29,23.93,0,0
165.34,72.01,73.19,0,0,24.29,23.94,0,0
166.28,72.02,73.19,0,0,24.27,23.94,0,0
166.32,72.02,73.17,0,0,24.27,23.94,0,0
167.29,72.02,73.17,0,0,24.31,23.94,0,0
167.32,72.02,73.19,0,0,24.31,23.95,0,0
168.28,71.98,73.19,0,0,24.29,23.95,0,0
168.32,71.98,73.17,0,0,24.29,23.96,0,0
169.28,71.98,73.17,0,0,24.31,23.96,0,0
169.32,71.98,73.21,0,0,24.31,23.94,0,0
170.29,71.97,73.21,0,0,24.32,23.94,0,0
170.33,71.97,73.2,0,0,24.32,23.95,0,0
171.28,71.99,73.2,0,0,24.3,23.95,0,0
171.32,71.99,73.21,0,0,24.3,23.96,0,0
172.29,72.0,73.21,0,0,24.28,23.96,0,0
172.33,72.0,73.18,0,0,24.28,23.94,0,0
173.29,72.01,73.18,0,0,24.27,23.94,0,0
173.32,72.01,73.21,0,0,24.27,23.95,0,0
174.29,72.04,73.21,0,0,24.29,23.95,0,0
174.33,72.04,73.16,0,0,24.29,23.95,0,0
175.31,72.04,73.16,0,0,24.27,23.95,0,0
175.35,72.04,73.17,0,0,24.27,23.95,0,0
176.27,72.03,73.17,0,0,24.27,23.95,0,0
176.31,72.03,73.16,0,0,24.27,23.95,0,0
177.27,72.04,73.16,0,0,24.27,23.95,0,0
177.31,72.04,73.15,0,0,24.27,23.97,0,0
178.27,72.07,73.15,0,0,24.28,23.97,0,0
178.31,72.07,73.16,0,0,24.28,23.97,0,0
179.27,72.07,73.16,0,0,24.27,23.97,0,0
179.31,72.07,73.17,0,0,24.27,23.95,0,0
180.29,72.09,73.17,0,0,24.26,23.95,0,0
180.32,72.09,73.15,0,0,24.26,23.95,0,0
181.27,72.09,73.15,0,0,24.27,23.95,0,0
181.3,72.09,73.14,0,0,24.27,23.96,0,0
182.29,72.11,73.14,0,0,24.26,23.96,0,0
182.32,72.11,73.17,0,0,24.26,23.98,0,0
183.27,72.13,73.17,0,0,24.25,23.98,0,0
183.3,72.13,73.18,0,0,24.25,23.97,0,0
184.29,72.18,73.18,0,0,24.23,23.97,0,0
184.32,72.18,73.2,0,0,24.23,23.97,0,0
185.27,72.2,73.2,0,0,24.27,23.97,0,0
185.31,72.2,73.18,0,0,24.27,23.96,0,0
186.26,72.17,73.18,0,0,24.25,23.96,0,0
186.3,72.17,73.2,0,0,24.25,23.98,0,0
187.28,72.18,73.2,0,0,24.25,23.98,0,0
187.32,72.18,73.18,0,0,24.25,23.95,0,0
188.33,72.19,73.18,0,0,24.25,23.95,0,0
188.37,72.19,73.18,0,0,24.25,23.97,0,0
189.32,72.17,73.18,0,0,24.25,23.97,0,0
189.35,72.17,73.2,0,0,24.25,23.97,0,0
190.26,72.21,73.2,0,0,24.26,23.97,0,0
190.29,72.21,73.19,0,0,24.26,23.95,0,0
191.26,72.19,73.19,0,0,24.25,23.95,0,0
191.29,72.19,73.18,0,0,24.25,23.96,0,0
192.26,72.16,73.18,0,0,24.25,23.96,0,0
192.29,72.16,73.19,0,0,24.25,23.98,0,0
193.26,72.17,73.19,0,0,24.25,23.98,0,0
193.29,72.17,73.21,0,0,24.25,23.95,0,0
194.3,72.14,73.21,0,0,24.27,23.95,0,0
194.33,72.14,73.23,0,0,24.27,23.95,0,0
195.29,72.15,73.23,0,0,24.25,23.95,0,0
195.32,72.15,73.23,0,0,24.25,23.94,0,0
196.26,72.17,73.23,0,0,24.3,23.94,0,0
196.29,72.17,73.2,0,0,24.3,23.96,0,0
197.33,72.13,73.2,0,0,24.26,23.96,0,0
197.37,72.13,73.2,0,0,24.26,23.97,0,0
198.29,72.12,73.2,0,0,24.27,23.97,0,0
198.32,72.12,73.19,0,0,24.27,23.97,0,0
199.34,72.13,73.19,0,0,24.26,23.97,0,0
199.38,72.13,73.19,0,0,24.26,23.95,0,0
200.34,72.14,73.19,0,0,24.24,23.95,0,0
200.39,72.14,73.17,0,0,24.24,23.98,0,0
201.3,72.13,73.17,0,0,24.25,23.98,0,0
201.34,72.13,73.13,0,0,24.25,23.95,0,0
202.26,72.15,73.13,0,0,24.26,23.95,0,0
202.3,72.15,73.14,0,0,24.26,23.95,0,0
203.26,72.17,73.14,0,0,24.25,23.95,0,0
203.3,72.17,73.12,0,0,24.25,23.96,0,0
204.27,72.16,73.12,0,0,24.25,23.96,0,0
204.31,72.16,73.16,0,0,24.25,23.95,0,0
205.3,72.18,73.16,0,0,24.25,23.95,0,0
205.33,72.18,73.15,0,0,24.25,23.96,0,0
206.31,72.15,73.15,0,0,24.26,23.96,0,0
206.48,72.15,73.16,0,0,24.26,23.95,0,0
207.24,72.14,73.16,0,0,24.26,23.95,0,0
207.28,72.14,73.13,0,0,24.26,23.95,0,0
208.27,72.12,73.13,0,0,24.25,23.95,0,0
208.3,72.12,73.14,0,0,24.25,23.96,0,0
209.3,72.12,73.14,0,0,24.24,23.96,0,0
209.33,72.12,73.12,0,0,24.24,23.96,0,0
210.24,72.14,73.12,0,0,24.25,23.96,0,0
210.27,72.14,73.13,0,0,24.25,23.98,0,0
211.26,72.15,73.13,0,0,24.23,23.98,0,0
211.29,72.15,73.11,0,0,24.23,23.95,0,0
212.3,72.18,73.11,0,0,24.25,23.95,0,0
212.34,72.18,73.12,0,0,24.25,23.92,0,0
213.26,72.18,73.12,0,0,24.25,23.92,0,0
213.3,72.18,73.12,0,0,24.25,23.96,0,0
214.29,72.16,73.12,0,0,24.22,23.96,0,0
214.32,72.16,73.12,0,0,24.22,23.94,0,0
215.29,72.16,73.12,0,0,24.25,23.94,0,0
215.33,72.16,73.11,0,0,24.25,23.96,0,0
216.25,72.14,73.11,0,0,24.23,23.96,0,0
216.29,72.14,73.09,0,0,24.23,23.94,0,0
217.27,72.15,73.09,0,0,24.24,23.94,0,0
217.31,72.15,73.08,0,0,24.24,23.94,0,0
218.36,72.15,73.08,0,0,24.25,23.94,0,0
218.42,72.15,73.09,0,0,24.25,23.94,0,0
219.29,72.16,73.09,0,0,24.28,23.94,0,0
219.33,72.16,73.15,0,0,24.28,23.97,0,0
220.35,72.14,73.15,0,0,24.29,23.97,0,0
220.39,72.14,73.17,0,0,24.29,23.94,0,0
221.33,72.1,73.17,0,0,24.26,23.94,0,0
221.36,72.1,73.18,0,0,24.26,23.94,0,0
222.36,72.09,73.18,0,0,24.26,23.94,0,0
222.4,72.09,73.21,0,0,24.26,23.93,0,0
223.33,72.1,73.21,0,0,24.29,23.93,0,0
223.37,72.1,73.2,0,0,24.29,23.93,0,0
224.23,72.07,73.2,0,0,24.28,23.93,0,0
224.27,72.07,73.22,0,0,24.28,23.95,0,0
225.31,72.06,73.22,0,0,24.28,23.95,0,0
225.36,72.06,73.22,0,0,24.28,23.95,0,0
226.32,72.08,73.22,0,0,24.27,23.95,0,0
226.35,72.08,73.24,0,0,24.27,23.93,0,0
227.33,72.08,73.24,0,0,24.28,23.93,0,0
227.36,72.08,73.2,0,0,24.28,23.96,0,0
228.29,72.08,73.2,0,0,24.27,23.96,0,0
228.33,72.08,73.2,0,0,24.27,23.92,0,0
229.32,72.09,73.2,0,0,24.26,23.92,0,0
229.35,72.09,73.21,0,0,24.26,23.94,0,0
230.26,72.09,73.21,0,0,24.26,23.94,0,0
230.3,72.09,73.19,0,0,24.26,23.96,0,0
231.3,72.09,73.19,0,0,24.27,23.96,0,0
231.34,72.09,73.18,0,0,24.27,23.98,0,0
232.26,72.09,73.18,0,0,24.25,23.98,0,0
232.3,72.09,73.18,0,0,24.25,23.93,0,0
233.34,72.1,73.18,0,0,24.25,23.93,0,0
233.37,72.1,73.2,0,0,24.25,23.95,0,0
234.29,72.1,73.2,0,0,24.27,23.95,0,0
234.33,72.1,73.21,0,0,24.27,23.96,0,0
235.29,72.12,73.21,0,0,24.27,23.96,0,0
235.33,72.12,73.2,0,0,24.27,23.95,0,0
236.31,72.13,73.2,0,0,24.24,23.95,0,0
236.34,72.13,73.19,0,0,24.24,23.97,0,0
237.32,72.12,73.19,0,0,24.25,23.97,0,0
237.36,72.12,73.22,0,0,24.25,23.96,0,0
238.26,72.16,73.22,0,0,24.25,23.96,0,0
238.3,72.16,73.17,0,0,24.25,23.96,0,0
239.23,72.13,73.17,0,0,24.24,23.96,0,0
239.27,72.13,73.18,0,0,24.24,23.95,0,0
