RH and T log,Tue Sep 23 11:16:28 2025
Time (s),RH1,RH2,RH3,RH4,T1,T2,T3,T4
10.89,99.24,97.28,0,0,37.19,40.11,0,0
11.29,99.24,97.31,0,0,37.21,40.12,0,0
12.32,99.26,97.28,0,0,37.18,40.09,0,0
13.32,99.28,97.32,0,0,37.2,40.07,0,0
14.31,99.23,97.32,0,0,37.15,39.99,0,0
15.35,99.25,97.38,0,0,37.17,39.98,0,0
16.28,99.25,97.33,0,0,37.16,40.07,0,0
17.42,99.27,97.29,0,0,37.16,40.1,0,0
18.37,99.26,97.32,0,0,37.15,40.06,0,0
19.31,99.26,97.37,0,0,37.16,40.04,0,0
20.31,99.28,97.41,0,0,37.15,40.09,0,0
21.31,99.24,97.37,0,0,37.14,40.12,0,0
22.29,99.26,97.31,0,0,37.15,40.2,0,0
23.32,99.28,97.18,0,0,37.13,40.21,0,0
24.3,99.27,97.13,0,0,37.13,40.22,0,0
25.3,99.28,97.09,0,0,37.14,40.17,0,0
26.32,99.28,97.02,0,0,37.12,40.14,0,0
27.3,99.24,97.04,0,0,37.11,40.14,0,0
28.31,99.27,97.07,0,0,37.1,40.11,0,0
29.34,99.26,97.1,0,0,37.09,40.16,0,0
30.32,99.28,97.12,0,0,37.09,40.25,0,0
31.38,99.28,97.12,0,0,37.09,40.23,0,0
32.29,99.26,97.12,0,0,37.1,40.3,0,0
33.29,99.29,97.05,0,0,37.09,40.36,0,0
34.29,99.27,96.93,0,0,37.1,40.38,0,0
35.29,99.27,96.87,0,0,37.09,40.41,0,0
36.3,99.26,96.78,0,0,37.09,40.4,0,0
37.3,99.26,96.74,0,0,37.07,40.48,0,0
38.33,99.26,96.71,0,0,37.05,40.48,0,0
39.32,99.27,96.64,0,0,37.05,40.53,0,0
40.29,99.27,96.66,0,0,37.06,40.53,0,0
41.3,99.25,96.64,0,0,37.05,40.52,0,0
42.29,99.28,96.78,0,0,37.06,40.44,0,0
43.32,99.3,96.92,0,0,37.05,40.37,0,0
44.29,99.26,97.0,0,0,37.08,40.29,0,0
45.31,99.27,97.13,0,0,37.07,40.24,0,0
46.4,99.29,97.14,0,0,37.06,40.18,0,0
47.31,99.28,97.16,0,0,37.06,40.11,0,0
48.29,99.28,97.22,0,0,37.03,40.1,0,0
49.3,99.27,97.21,0,0,37.02,40.08,0,0
50.34,99.26,97.21,0,0,37.0,40.11,0,0
51.3,99.27,97.23,0,0,37.03,40.14,0,0
52.3,99.26,97.22,0,0,37.01,40.09,0,0
53.29,99.27,97.31,0,0,37.02,40.1,0,0
54.28,99.28,97.35,0,0,37.0,40.12,0,0
55.29,99.26,97.35,0,0,37.03,40.11,0,0
56.31,99.27,97.29,0,0,37.01,40.17,0,0
57.3,99.28,97.25,0,0,37.0,40.17,0,0
58.32,99.27,97.16,0,0,37.01,40.19,0,0
59.32,99.29,97.11,0,0,37.0,40.18,0,0
60.3,99.26,97.06,0,0,36.99,40.17,0,0
61.39,99.27,97.07,0,0,36.99,40.16,0,0
62.3,99.27,97.07,0,0,36.99,40.16,0,0
63.32,99.71,97.11,0,0,39.8,40.18,0,0
64.34,99.63,97.12,0,0,39.86,40.18,0,0
65.34,99.59,97.1,0,0,39.86,40.17,0,0
66.35,99.57,97.06,0,0,39.9,40.17,0,0
67.34,99.51,97.06,0,0,39.91,40.18,0,0
68.34,99.5,97.1,0,0,39.91,40.12,0,0
69.35,99.48,97.08,0,0,39.91,40.07,0,0
70.35,99.44,97.1,0,0,39.93,40.11,0,0
71.34,99.39,97.07,0,0,39.92,40.07,0,0
72.35,99.37,97.08,0,0,39.91,40.08,0,0
73.34,99.33,97.05,0,0,39.93,40.03,0,0
74.33,99.33,97.05,0,0,39.94,40.02,0,0
75.33,99.27,97.13,0,0,39.93,40.02,0,0
76.4,99.28,97.26,0,0,39.95,40.03,0,0
77.34,99.29,97.32,0,0,39.93,40.03,0,0
78.33,99.31,97.35,0,0,39.98,40.03,0,0
79.35,99.28,97.27,0,0,39.96,40.02,0,0
80.33,99.26,97.24,0,0,39.97,40.07,0,0
81.35,99.28,97.19,0,0,39.98,40.05,0,0
82.34,99.26,97.18,0,0,39.96,40.06,0,0
83.34,99.26,97.15,0,0,39.97,40.07,0,0
84.35,99.28,97.13,0,0,39.98,40.04,0,0
85.33,99.26,97.18,0,0,39.98,40.03,0,0
86.34,99.25,97.22,0,0,39.95,39.97,0,0
87.34,99.26,97.25,0,0,39.99,40.01,0,0
88.34,99.23,97.28,0,0,39.97,39.97,0,0
89.34,99.24,97.27,0,0,39.99,39.95,0,0
90.33,99.25,97.33,0,0,39.98,39.98,0,0
91.44,99.23,97.31,0,0,39.94,39.99,0,0
92.34,99.26,97.27,0,0,39.95,40.01,0,0
93.33,99.23,97.27,0,0,39.95,39.98,0,0
94.33,99.22,97.29,0,0,39.97,39.96,0,0
95.32,99.23,97.25,0,0,39.95,39.85,0,0
96.35,99.24,97.27,0,0,39.94,39.85,0,0
97.36,99.22,97.35,0,0,39.95,39.82,0,0
98.36,99.21,97.38,0,0,39.97,39.8,0,0
99.36,99.2,97.36,0,0,39.93,39.79,0,0
100.36,99.18,97.38,0,0,39.92,39.74,0,0
101.36,99.22,97.46,0,0,39.94,39.73,0,0
102.37,99.18,97.54,0,0,39.92,39.73,0,0
103.33,99.18,97.55,0,0,39.93,39.75,0,0
104.38,99.2,97.56,0,0,39.95,39.81,0,0
105.38,99.16,97.59,0,0,39.96,39.89,0,0
106.45,99.16,97.49,0,0,39.94,39.91,0,0
107.37,99.2,97.38,0,0,39.92,39.9,0,0
108.37,99.18,97.34,0,0,39.93,39.89,0,0
109.38,99.17,97.29,0,0,39.93,39.95,0,0
110.39,99.17,97.23,0,0,39.95,39.96,0,0
111.37,99.17,97.18,0,0,39.94,39.98,0,0
112.37,99.17,97.12,0,0,39.94,39.99,0,0
113.35,99.15,97.09,0,0,39.91,39.96,0,0
114.37,99.12,97.07,0,0,39.92,39.93,0,0
115.38,99.12,97.09,0,0,39.92,39.94,0,0
116.36,99.15,97.19,0,0,39.91,39.94,0,0
117.32,99.15,97.21,0,0,39.91,39.96,0,0
118.37,99.15,97.25,0,0,39.92,39.85,0,0
119.37,99.14,97.34,0,0,39.92,39.85,0,0
120.39,99.16,97.34,0,0,39.91,39.86,0,0
121.39,99.14,97.27,0,0,39.92,39.86,0,0
122.36,99.09,97.24,0,0,39.91,39.79,0,0
123.32,99.11,97.26,0,0,39.91,39.71,0,0
124.36,99.11,97.4,0,0,39.92,39.76,0,0
125.32,99.12,97.43,0,0,39.92,39.78,0,0
126.36,99.12,97.43,0,0,39.89,39.77,0,0
127.32,99.09,97.43,0,0,39.88,39.77,0,0
128.36,99.09,97.45,0,0,39.89,39.66,0,0
129.33,99.08,97.47,0,0,39.88,39.63,0,0
130.32,99.09,97.53,0,0,39.89,39.65,0,0
131.31,99.11,97.51,0,0,39.89,39.59,0,0
132.23,99.1,97.6,0,0,39.9,39.54,0,0
133.23,99.09,97.7,0,0,39.89,39.56,0,0
134.31,99.12,97.63,0,0,39.87,39.63,0,0
135.23,99.1,97.55,0,0,39.87,39.66,0,0
136.23,99.12,97.51,0,0,39.89,39.7,0,0
137.31,99.09,97.45,0,0,39.88,39.74,0,0
138.23,99.1,97.39,0,0,39.87,39.76,0,0
139.23,99.07,97.32,0,0,39.85,39.76,0,0
140.23,99.09,97.3,0,0,39.89,39.76,0,0
141.22,99.07,97.25,0,0,39.86,39.86,0,0
142.22,99.08,97.14,0,0,39.87,39.87,0,0
143.22,99.06,97.1,0,0,39.86,39.91,0,0
144.22,99.07,97.04,0,0,39.86,39.9,0,0
145.22,99.06,97.0,0,0,39.86,39.89,0,0
146.22,99.06,97.0,0,0,39.85,39.86,0,0
147.22,99.05,96.99,0,0,39.84,39.9,0,0
148.22,99.07,97.02,0,0,39.84,39.89,0,0
149.22,99.07,97.05,0,0,39.85,39.89,0,0
150.22,99.06,97.03,0,0,39.85,39.86,0,0
151.21,99.08,97.08,0,0,39.84,39.85,0,0
152.21,99.08,97.08,0,0,39.86,39.86,0,0
153.21,99.05,97.09,0,0,39.83,39.78,0,0
154.21,99.04,97.11,0,0,39.83,39.66,0,0
155.21,99.06,97.14,0,0,39.85,39.55,0,0
156.21,99.06,97.24,0,0,39.82,39.64,0,0
157.21,99.06,97.25,0,0,39.82,39.69,0,0
158.21,99.0,97.26,0,0,39.82,39.71,0,0
159.21,99.03,97.2,0,0,39.82,39.68,0,0
160.2,99.03,97.26,0,0,39.81,39.7,0,0
161.2,99.04,97.27,0,0,39.81,39.63,0,0
162.2,99.05,97.35,0,0,39.82,39.69,0,0
163.2,99.06,97.3,0,0,39.82,39.78,0,0
164.2,99.07,97.18,0,0,39.82,39.8,0,0
165.2,99.06,97.15,0,0,39.82,39.81,0,0
166.2,99.07,97.07,0,0,39.83,39.86,0,0
167.2,99.05,97.03,0,0,39.81,39.86,0,0
168.2,99.04,96.97,0,0,39.82,39.85,0,0
169.2,99.04,96.93,0,0,39.83,39.77,0,0
170.19,99.05,96.98,0,0,39.81,39.83,0,0
171.19,99.07,97.01,0,0,39.81,39.91,0,0
172.19,99.03,96.92,0,0,39.8,39.93,0,0
173.19,99.03,96.86,0,0,39.79,39.95,0,0
174.19,98.98,96.81,0,0,39.79,39.9,0,0
175.09,98.44,96.82,0,0,37.04,39.91,0,0
176.09,98.72,96.83,0,0,36.93,39.95,0,0
177.09,98.92,96.88,0,0,36.89,39.99,0,0
178.08,99.05,96.92,0,0,36.9,40.04,0,0
179.18,99.63,96.87,0,0,39.63,40.01,0,0
180.18,99.43,96.84,0,0,39.7,39.98,0,0
181.18,99.29,96.8,0,0,39.72,39.93,0,0
182.18,99.19,96.77,0,0,39.74,39.88,0,0
183.18,99.15,96.79,0,0,39.74,39.83,0,0
184.18,99.11,96.82,0,0,39.76,39.73,0,0
185.18,99.08,96.9,0,0,39.75,39.74,0,0
186.18,99.07,96.87,0,0,39.74,39.71,0,0
187.17,99.05,96.9,0,0,39.72,39.77,0,0
188.17,99.04,96.85,0,0,39.74,39.79,0,0
189.17,99.01,96.89,0,0,39.7,39.82,0,0
190.17,99.02,96.93,0,0,39.76,39.82,0,0
191.17,99.05,96.92,0,0,39.74,39.81,0,0
192.17,99.07,96.93,0,0,39.77,39.81,0,0
193.17,99.07,96.92,0,0,39.75,39.78,0,0
194.17,99.05,96.9,0,0,39.75,39.8,0,0
195.17,99.07,96.84,0,0,39.75,39.76,0,0
196.19,99.05,96.87,0,0,39.75,39.79,0,0
197.16,99.04,96.87,0,0,39.74,39.81,0,0
198.16,99.03,96.85,0,0,39.76,39.89,0,0
199.16,99.01,96.82,0,0,39.75,39.94,0,0
200.16,99.01,96.77,0,0,39.76,40.01,0,0
201.16,99.01,96.68,0,0,39.72,40.01,0,0
202.16,98.97,96.62,0,0,39.72,39.96,0,0
203.06,98.41,96.64,0,0,36.96,39.96,0,0
204.06,98.72,96.71,0,0,36.89,39.94,0,0
205.05,98.92,96.75,0,0,36.85,39.83,0,0
206.05,99.02,96.9,0,0,36.84,39.76,0,0
207.15,99.64,97.02,0,0,39.56,39.72,0,0
208.15,99.44,97.09,0,0,39.63,39.68,0,0
209.15,99.29,97.09,0,0,39.68,39.66,0,0
210.15,99.18,97.1,0,0,39.69,39.62,0,0
211.18,99.14,97.15,0,0,39.68,39.65,0,0
212.15,99.09,97.18,0,0,39.69,39.66,0,0
213.15,99.07,97.14,0,0,39.67,39.62,0,0
214.15,99.05,97.15,0,0,39.67,39.66,0,0
215.15,99.06,97.11,0,0,39.67,39.59,0,0
216.14,99.04,97.16,0,0,39.69,39.58,0,0
217.14,99.03,97.18,0,0,39.66,39.56,0,0
218.14,99.03,97.18,0,0,39.69,39.59,0,0
219.14,99.0,97.27,0,0,39.66,39.56,0,0
220.14,99.01,97.26,0,0,39.67,39.6,0,0
221.14,98.99,97.27,0,0,39.67,39.58,0,0
222.05,98.45,97.27,0,0,36.94,39.56,0,0
223.05,98.78,97.26,0,0,36.86,39.56,0,0
224.05,98.93,97.28,0,0,36.79,39.57,0,0
225.05,99.02,97.23,0,0,36.77,39.58,0,0
226.17,99.6,97.21,0,0,39.51,39.54,0,0
227.13,99.39,97.2,0,0,39.58,39.53,0,0
228.13,99.26,97.26,0,0,39.62,39.51,0,0
229.13,99.19,97.22,0,0,39.62,39.54,0,0
230.13,99.14,97.24,0,0,39.62,39.53,0,0
231.13,99.09,97.23,0,0,39.6,39.54,0,0
232.13,99.04,97.21,0,0,39.62,39.52,0,0
233.13,99.06,97.28,0,0,39.62,39.43,0,0
234.13,99.07,97.38,0,0,39.61,39.36,0,0
235.12,99.06,97.52,0,0,39.63,39.37,0,0
236.12,99.04,97.61,0,0,39.62,39.34,0,0
237.12,99.04,97.64,0,0,39.64,39.31,0,0
238.12,99.05,97.6,0,0,39.64,39.36,0,0
239.12,99.01,97.55,0,0,39.64,39.4,0,0
240.12,99.0,97.49,0,0,39.61,39.35,0,0
241.21,99.0,97.51,0,0,39.66,39.35,0,0
242.12,99.0,97.51,0,0,39.63,39.35,0,0
243.12,98.99,97.49,0,0,39.63,39.33,0,0
244.07,98.42,97.53,0,0,36.9,39.29,0,0
245.11,98.75,97.51,0,0,36.77,39.26,0,0
246.09,98.9,97.54,0,0,36.71,39.31,0,0
247.1,99.01,97.55,0,0,36.7,39.33,0,0
248.12,99.59,97.64,0,0,39.44,39.29,0,0
249.12,99.38,97.67,0,0,39.5,39.26,0,0
250.11,99.25,97.69,0,0,39.54,39.27,0,0
251.12,99.15,97.68,0,0,39.55,39.28,0,0
252.11,99.11,97.62,0,0,39.56,39.25,0,0
253.11,99.1,97.62,0,0,39.57,39.19,0,0
254.11,99.07,97.63,0,0,39.58,39.17,0,0
255.11,99.05,97.67,0,0,39.57,39.13,0,0
256.21,99.03,97.69,0,0,39.58,39.13,0,0
257.12,99.05,97.66,0,0,39.6,39.11,0,0
258.11,98.99,97.7,0,0,39.56,39.14,0,0
259.1,98.46,97.7,0,0,36.82,39.13,0,0
260.05,98.76,97.7,0,0,36.7,39.14,0,0
261.07,98.92,97.75,0,0,36.68,39.16,0,0
262.05,99.02,97.77,0,0,36.65,39.14,0,0
263.11,99.58,97.7,0,0,39.39,39.17,0,0
264.11,99.4,97.65,0,0,39.48,39.14,0,0
265.1,99.25,97.66,0,0,39.5,39.17,0,0
266.1,99.15,97.63,0,0,39.51,39.13,0,0
267.11,99.11,97.65,0,0,39.48,39.07,0,0
268.11,99.07,97.63,0,0,39.48,39.07,0,0
269.11,99.05,97.68,0,0,39.5,39.06,0,0
270.1,99.02,97.65,0,0,39.5,39.09,0,0
271.18,99.03,97.63,0,0,39.5,39.09,0,0
272.11,99.0,97.65,0,0,39.47,39.04,0,0
273.09,99.04,97.83,0,0,39.48,38.93,0,0
274.09,99.02,97.94,0,0,39.52,38.84,0,0
275.09,99.01,98.06,0,0,39.49,38.83,0,0
276.1,99.02,98.1,0,0,39.53,38.75,0,0
277.1,98.99,98.16,0,0,39.51,38.81,0,0
278.05,98.45,98.13,0,0,36.76,38.93,0,0
279.05,98.74,98.02,0,0,36.65,39.01,0,0
280.04,98.91,97.9,0,0,36.62,39.08,0,0
281.06,99.01,97.77,0,0,36.58,39.01,0,0
282.1,99.59,97.69,0,0,39.31,39.11,0,0
283.1,99.36,97.65,0,0,39.4,39.13,0,0
284.08,99.24,97.58,0,0,39.4,39.16,0,0
285.09,99.14,97.55,0,0,39.43,39.19,0,0
286.21,99.1,97.47,0,0,39.44,39.27,0,0
287.1,99.08,97.33,0,0,39.44,39.27,0,0
288.09,99.05,97.27,0,0,39.44,39.28,0,0
289.09,99.03,97.2,0,0,39.45,39.31,0,0
290.09,99.05,97.14,0,0,39.46,39.33,0,0
291.1,99.02,97.09,0,0,39.46,39.33,0,0
292.1,99.0,97.07,0,0,39.44,39.39,0,0
293.09,98.99,96.96,0,0,39.44,39.43,0,0
294.05,98.43,96.92,0,0,36.68,39.43,0,0
295.07,98.74,96.89,0,0,36.58,39.45,0,0
296.05,98.92,96.94,0,0,36.57,39.49,0,0
297.04,99.02,96.97,0,0,36.53,39.51,0,0
298.11,99.59,96.95,0,0,39.27,39.54,0,0
299.11,99.41,96.9,0,0,39.35,39.36,0,0
300.1,99.25,97.08,0,0,39.38,39.36,0,0
301.21,99.17,97.09,0,0,39.41,39.47,0,0
302.14,99.11,97.04,0,0,39.42,39.43,0,0
303.11,99.09,97.04,0,0,39.4,39.31,0,0
304.1,99.06,97.14,0,0,39.4,39.28,0,0
305.2,99.04,97.15,0,0,39.42,39.39,0,0
306.12,99.02,97.09,0,0,39.41,39.38,0,0
307.14,99.01,97.12,0,0,39.41,39.39,0,0
308.16,99.01,97.12,0,0,39.43,39.27,0,0
309.13,99.01,97.23,0,0,39.42,39.22,0,0
310.12,99.0,97.29,0,0,39.39,39.21,0,0
311.11,98.98,97.34,0,0,39.42,39.18,0,0
312.12,98.44,97.38,0,0,36.68,39.25,0,0
313.17,98.74,97.28,0,0,36.58,39.24,0,0
