RH and T log,Mon Sep 15 14:21:09 2025
Time (s),RH1,RH2,RH3,RH4,T1,T2,T3,T4
10.32,54.06,54.32,0,0,23.59,23.83,0,0
11.03,54.1,54.33,0,0,23.59,23.82,0,0
12.03,54.09,54.36,0,0,23.57,23.8,0,0
13.03,54.08,54.31,0,0,23.57,23.79,0,0
14.03,54.13,54.34,0,0,23.55,23.81,0,0
15.03,54.13,54.37,0,0,23.56,23.79,0,0
16.02,54.11,54.38,0,0,23.57,23.79,0,0
17.02,54.14,54.37,0,0,23.57,23.8,0,0
18.14,54.13,54.36,0,0,23.54,23.79,0,0
19.02,54.12,54.37,0,0,23.57,23.8,0,0
20.02,54.14,54.37,0,0,23.55,23.78,0,0
21.02,54.14,54.41,0,0,23.56,23.79,0,0
22.02,54.16,54.35,0,0,23.57,23.8,0,0
23.02,54.12,54.12,0,0,23.53,255.0,0,0
24.02,54.27,54.59,0,0,23.59,23.82,0,0
25.01,54.61,55.05,0,0,23.61,23.8,0,0
26.03,54.7,54.7,0,0,23.64,255.0,0,0
27.05,55.15,55.15,0,0,23.69,255.0,0,0
28.06,55.39,56.2,0,0,23.74,23.85,0,0
29.04,55.82,55.82,0,0,23.74,255.0,0,0
30.01,56.49,56.49,0,0,23.77,255.0,0,0
31.05,57.0,57.0,0,0,23.76,255.0,0,0
32.06,56.81,56.81,0,0,23.76,255.0,0,0
33.02,56.45,56.44,0,0,23.78,23.8,0,0
34.1,56.1,56.14,0,0,23.76,23.8,0,0
35.02,55.8,55.8,0,0,23.77,255.0,0,0
36.02,55.54,55.54,0,0,23.77,255.0,0,0
37.03,55.47,55.72,0,0,23.8,23.79,0,0
38.04,55.46,55.87,0,0,23.84,23.81,0,0
39.04,55.78,56.02,0,0,23.82,23.8,0,0
40.13,56.02,56.02,0,0,23.87,255.0,0,0
41.06,56.22,55.92,0,0,23.92,23.83,0,0
42.09,56.07,56.09,0,0,23.93,23.83,0,0
43.07,55.83,56.31,0,0,23.95,23.86,0,0
44.04,55.64,56.39,0,0,23.99,23.85,0,0
45.06,55.45,56.46,0,0,24.02,23.87,0,0
46.05,55.24,55.24,0,0,24.0,255.0,0,0
47.04,54.98,56.15,0,0,24.02,23.87,0,0
48.05,54.84,56.01,0,0,24.02,23.87,0,0
49.06,54.77,55.96,0,0,24.03,23.88,0,0
50.05,54.76,55.95,0,0,24.02,23.89,0,0
51.04,54.59,55.77,0,0,24.03,23.87,0,0
52.04,54.32,55.53,0,0,24.05,23.89,0,0
53.04,54.15,55.39,0,0,24.03,23.86,0,0
54.04,54.03,55.17,0,0,23.99,23.82,0,0
55.04,53.89,54.99,0,0,23.92,23.78,0,0
56.04,53.94,53.94,0,0,23.94,255.0,0,0
57.03,54.34,54.34,0,0,23.92,255.0,0,0
58.03,54.3,55.0,0,0,23.95,23.83,0,0
59.03,54.38,55.15,0,0,24.0,23.83,0,0
60.03,54.5,55.36,0,0,24.0,23.88,0,0
61.07,54.78,55.62,0,0,24.03,23.9,0,0
62.04,54.89,55.84,0,0,24.06,23.89,0,0
63.07,55.84,55.84,0,0,23.89,23.89,0,0
64.07,55.84,55.84,0,0,23.89,23.89,0,0
65.07,55.84,55.84,0,0,23.89,23.89,0,0
66.06,55.84,55.84,0,0,23.89,23.89,0,0
67.06,55.84,55.84,0,0,23.89,23.89,0,0
68.06,55.84,55.84,0,0,23.89,23.89,0,0
69.07,55.84,55.84,0,0,23.89,23.89,0,0
70.09,55.84,55.84,0,0,23.89,23.89,0,0
71.06,55.84,55.84,0,0,23.89,23.89,0,0
72.06,55.84,55.84,0,0,23.89,23.89,0,0
73.06,55.84,55.84,0,0,23.89,23.89,0,0
74.06,55.84,55.84,0,0,23.89,23.89,0,0
75.08,55.84,55.84,0,0,23.89,23.89,0,0
76.08,55.84,55.84,0,0,23.89,23.89,0,0
77.08,55.84,55.84,0,0,23.89,23.89,0,0
78.09,55.84,55.84,0,0,23.89,23.89,0,0
79.11,55.84,55.84,0,0,23.89,23.89,0,0
80.16,55.84,55.84,0,0,23.89,23.89,0,0
81.12,55.84,55.84,0,0,23.89,23.89,0,0
82.08,55.84,55.84,0,0,23.89,23.89,0,0
83.12,55.84,55.84,0,0,23.89,23.89,0,0
84.12,55.84,55.84,0,0,23.89,23.89,0,0
85.02,55.84,55.84,0,0,23.89,23.89,0,0
85.98,55.84,55.84,0,0,23.89,23.89,0,0
86.98,55.84,55.84,0,0,23.89,23.89,0,0
87.98,55.84,55.84,0,0,23.89,23.89,0,0
88.98,55.84,55.84,0,0,23.89,23.89,0,0
89.98,55.84,55.84,0,0,23.89,23.89,0,0
90.98,55.84,55.84,0,0,23.89,23.89,0,0
91.98,55.84,55.84,0,0,23.89,23.89,0,0
92.98,55.84,55.84,0,0,23.89,23.89,0,0
93.97,55.84,55.84,0,0,23.89,23.89,0,0
94.97,55.84,55.84,0,0,23.89,23.89,0,0
95.97,55.84,55.84,0,0,23.89,23.89,0,0
96.97,55.84,55.84,0,0,23.89,23.89,0,0
97.97,55.84,55.84,0,0,23.89,23.89,0,0
98.97,55.84,55.84,0,0,23.89,23.89,0,0
99.97,55.84,55.84,0,0,23.89,23.89,0,0
100.97,55.84,55.84,0,0,23.89,23.89,0,0
101.97,55.84,55.84,0,0,23.89,23.89,0,0
102.97,55.84,55.84,0,0,23.89,23.89,0,0
103.96,55.84,55.84,0,0,23.89,23.89,0,0
104.96,55.84,55.84,0,0,23.89,23.89,0,0
105.96,55.84,55.84,0,0,23.89,23.89,0,0
106.96,55.84,55.84,0,0,23.89,23.89,0,0
107.96,55.84,55.84,0,0,23.89,23.89,0,0
108.96,55.84,55.84,0,0,23.89,23.89,0,0
109.96,55.84,55.84,0,0,23.89,23.89,0,0
110.96,55.84,55.84,0,0,23.89,23.89,0,0
111.96,55.84,55.84,0,0,23.89,23.89,0,0
112.96,55.84,55.84,0,0,23.89,23.89,0,0
113.95,55.84,55.84,0,0,23.89,23.89,0,0
114.95,55.84,55.84,0,0,23.89,23.89,0,0
115.95,55.84,55.84,0,0,23.89,23.89,0,0
116.95,55.84,55.84,0,0,23.89,23.89,0,0
117.95,55.84,55.84,0,0,23.89,23.89,0,0
118.95,55.84,55.84,0,0,23.89,23.89,0,0
119.95,55.84,55.84,0,0,23.89,23.89,0,0
120.95,55.84,55.84,0,0,23.89,23.89,0,0
121.95,55.84,55.84,0,0,23.89,23.89,0,0
122.95,55.84,55.84,0,0,23.89,23.89,0,0
123.94,55.84,55.84,0,0,23.89,23.89,0,0
124.94,55.84,55.84,0,0,23.89,23.89,0,0
125.94,55.84,55.84,0,0,23.89,23.89,0,0
126.94,55.84,55.84,0,0,23.89,23.89,0,0
127.94,55.84,55.84,0,0,23.89,23.89,0,0
128.94,55.84,55.84,0,0,23.89,23.89,0,0
129.94,55.84,55.84,0,0,23.89,23.89,0,0
130.94,55.84,55.84,0,0,23.89,23.89,0,0
131.94,55.84,55.84,0,0,23.89,23.89,0,0
132.94,55.84,55.84,0,0,23.89,23.89,0,0
133.94,55.84,55.84,0,0,23.89,23.89,0,0
134.93,55.84,55.84,0,0,23.89,23.89,0,0
135.93,55.84,55.84,0,0,23.89,23.89,0,0
136.93,55.84,55.84,0,0,23.89,23.89,0,0
137.93,55.84,55.84,0,0,23.89,23.89,0,0
138.93,55.84,55.84,0,0,23.89,23.89,0,0
139.93,55.84,55.84,0,0,23.89,23.89,0,0
140.93,55.84,55.84,0,0,23.89,23.89,0,0
141.93,55.84,55.84,0,0,23.89,23.89,0,0
142.93,55.84,55.84,0,0,23.89,23.89,0,0
143.92,55.84,55.84,0,0,23.89,23.89,0,0
144.92,55.84,55.84,0,0,23.89,23.89,0,0
145.92,55.84,55.84,0,0,23.89,23.89,0,0
146.92,55.84,55.84,0,0,23.89,23.89,0,0
147.92,55.84,55.84,0,0,23.89,23.89,0,0
148.92,55.84,55.84,0,0,23.89,23.89,0,0
149.96,55.84,55.84,0,0,23.89,23.89,0,0
150.95,55.84,55.84,0,0,23.89,23.89,0,0
151.94,55.84,55.84,0,0,23.89,23.89,0,0
152.92,55.84,55.84,0,0,23.89,23.89,0,0
153.91,55.84,55.84,0,0,23.89,23.89,0,0
154.91,55.84,55.84,0,0,23.89,23.89,0,0
155.91,55.84,55.84,0,0,23.89,23.89,0,0
156.91,55.84,55.84,0,0,23.89,23.89,0,0
157.91,55.84,55.84,0,0,23.89,23.89,0,0
158.91,55.84,55.84,0,0,23.89,23.89,0,0
159.92,55.84,55.84,0,0,23.89,23.89,0,0
160.92,55.84,55.84,0,0,23.89,23.89,0,0
161.92,55.84,55.84,0,0,23.89,23.89,0,0
162.91,55.84,55.84,0,0,23.89,23.89,0,0
163.92,55.84,55.84,0,0,23.89,23.89,0,0
164.92,55.84,55.84,0,0,23.89,23.89,0,0
165.93,55.84,55.84,0,0,23.89,23.89,0,0
166.92,55.84,55.84,0,0,23.89,23.89,0,0
167.91,55.84,55.84,0,0,23.89,23.89,0,0
168.92,55.84,55.84,0,0,23.89,23.89,0,0
169.92,55.84,55.84,0,0,23.89,23.89,0,0
170.92,55.84,55.84,0,0,23.89,23.89,0,0
171.91,55.84,55.84,0,0,23.89,23.89,0,0
172.91,55.84,55.84,0,0,23.89,23.89,0,0
173.9,55.84,55.84,0,0,23.89,23.89,0,0
174.93,55.84,55.84,0,0,23.89,23.89,0,0
175.97,55.84,55.84,0,0,23.89,23.89,0,0
176.95,55.84,55.84,0,0,23.89,23.89,0,0
177.94,55.84,55.84,0,0,23.89,23.89,0,0
178.93,55.84,55.84,0,0,23.89,23.89,0,0
179.95,55.84,55.84,0,0,23.89,23.89,0,0
180.96,55.84,55.84,0,0,23.89,23.89,0,0
181.95,55.84,55.84,0,0,23.89,23.89,0,0
182.97,55.84,55.84,0,0,23.89,23.89,0,0
183.97,55.84,55.84,0,0,23.89,23.89,0,0
184.99,55.84,55.84,0,0,23.89,23.89,0,0
185.97,55.84,55.84,0,0,23.89,23.89,0,0
186.97,55.84,55.84,0,0,23.89,23.89,0,0
187.97,55.84,55.84,0,0,23.89,23.89,0,0
188.97,55.84,55.84,0,0,23.89,23.89,0,0
189.98,55.84,55.84,0,0,23.89,23.89,0,0
190.98,55.84,55.84,0,0,23.89,23.89,0,0
191.99,55.84,55.84,0,0,23.89,23.89,0,0
192.99,54.39,54.39,0,0,27.56,27.56,0,0
193.98,54.39,54.39,0,0,27.56,27.56,0,0
194.99,54.39,54.39,0,0,27.56,27.56,0,0
195.98,54.39,54.39,0,0,27.56,27.56,0,0
196.98,54.39,54.39,0,0,27.56,27.56,0,0
197.98,54.39,54.39,0,0,27.56,27.56,0,0
199.0,54.39,54.39,0,0,27.56,27.56,0,0
199.95,93.7,93.7,0,0,55.52,55.52,0,0
201.04,93.7,93.7,0,0,55.52,55.52,0,0
202.01,93.7,93.7,0,0,55.52,55.52,0,0
203.0,93.7,93.7,0,0,55.52,55.52,0,0
204.0,93.7,93.7,0,0,55.52,55.52,0,0
205.01,93.7,93.7,0,0,55.52,55.52,0,0
206.01,93.7,93.7,0,0,55.52,55.52,0,0
207.0,93.7,93.7,0,0,55.52,55.52,0,0
208.0,93.7,93.7,0,0,55.52,55.52,0,0
208.95,93.7,93.7,0,0,55.52,55.52,0,0
209.86,93.7,93.7,0,0,55.52,55.52,0,0
210.86,93.7,93.7,0,0,55.52,55.52,0,0
211.86,93.7,93.7,0,0,55.52,55.52,0,0
212.86,93.7,93.7,0,0,55.52,55.52,0,0
213.86,93.7,93.7,0,0,55.52,55.52,0,0
214.85,93.7,93.7,0,0,55.52,55.52,0,0
215.85,93.7,93.7,0,0,55.52,55.52,0,0
216.85,93.7,93.7,0,0,55.52,55.52,0,0
217.85,93.7,93.7,0,0,55.52,55.52,0,0
218.85,93.7,93.7,0,0,55.52,55.52,0,0
219.85,93.7,93.7,0,0,55.52,55.52,0,0
220.85,93.7,93.7,0,0,55.52,55.52,0,0
221.85,93.7,93.7,0,0,55.52,55.52,0,0
222.85,93.7,93.7,0,0,55.52,55.52,0,0
223.85,93.7,93.7,0,0,55.52,55.52,0,0
224.85,93.7,93.7,0,0,55.52,55.52,0,0
225.84,93.7,93.7,0,0,55.52,55.52,0,0
226.84,93.7,93.7,0,0,55.52,55.52,0,0
227.84,93.7,93.7,0,0,55.52,55.52,0,0
228.82,95.41,95.41,0,0,53.71,255.0,0,0
229.82,95.33,95.33,0,0,53.87,53.87,0,0
230.84,95.33,95.33,0,0,53.87,53.87,0,0
231.84,95.33,95.33,0,0,53.87,53.87,0,0
232.82,95.33,97.02,0,0,53.87,64.85,0,0
233.84,97.02,97.02,0,0,64.85,64.85,0,0
234.84,97.02,97.02,0,0,64.85,64.85,0,0
235.83,97.02,97.02,0,0,64.85,64.85,0,0
236.83,97.02,97.02,0,0,64.85,64.85,0,0
237.83,97.02,97.02,0,0,64.85,64.85,0,0
238.8,95.49,96.92,0,0,55.65,62.8,0,0
239.8,95.55,97.1,0,0,56.1,63.27,0,0
240.8,95.49,97.08,0,0,56.17,63.32,0,0
241.83,97.08,97.08,0,0,63.32,63.32,0,0
242.79,95.62,97.1,0,0,56.94,62.61,0,0
243.83,97.1,97.1,0,0,62.61,62.61,0,0
244.83,97.1,97.1,0,0,62.61,62.61,0,0
245.82,97.1,97.1,0,0,62.61,62.61,0,0
246.82,97.1,97.1,0,0,62.61,62.61,0,0
247.82,97.1,97.1,0,0,62.61,62.61,0,0
248.82,97.1,97.1,0,0,62.61,62.61,0,0
249.82,97.1,97.1,0,0,62.61,62.61,0,0
250.82,97.1,97.1,0,0,62.61,62.61,0,0
251.82,97.1,97.1,0,0,62.61,62.61,0,0
252.82,97.1,97.1,0,0,62.61,62.61,0,0
253.82,97.1,97.1,0,0,62.61,62.61,0,0
254.82,97.1,97.1,0,0,62.61,62.61,0,0
255.81,97.1,97.1,0,0,62.61,62.61,0,0
256.82,97.1,97.1,0,0,62.61,62.61,0,0
257.81,97.1,97.1,0,0,62.61,62.61,0,0
258.79,95.86,95.86,0,0,59.89,255.0,0,0
259.78,95.86,95.86,0,0,60.05,255.0,0,0
260.78,95.93,95.93,0,0,60.35,255.0,0,0
261.82,95.94,95.94,0,0,60.81,255.0,0,0
262.83,95.92,95.92,0,0,60.83,255.0,0,0
263.82,95.93,95.93,0,0,60.96,255.0,0,0
264.84,95.95,95.95,0,0,61.13,255.0,0,0
265.82,96.02,96.02,0,0,61.55,255.0,0,0
266.81,96.0,96.0,0,0,61.76,255.0,0,0
267.81,95.97,95.97,0,0,61.64,255.0,0,0
268.81,96.0,96.0,0,0,61.93,255.0,0,0
269.81,96.04,96.04,0,0,62.22,255.0,0,0
270.81,96.04,96.04,0,0,62.14,255.0,0,0
271.82,96.05,96.05,0,0,62.24,255.0,0,0
272.84,96.05,96.05,0,0,62.58,255.0,0,0
273.83,96.05,96.05,0,0,255.0,255.0,0,0
274.85,96.05,96.05,0,0,255.0,255.0,0,0
275.85,96.05,96.05,0,0,255.0,255.0,0,0
276.86,96.05,96.05,0,0,255.0,255.0,0,0
277.85,96.05,96.05,0,0,255.0,255.0,0,0
278.86,96.05,96.05,0,0,255.0,255.0,0,0
279.86,96.05,96.05,0,0,255.0,255.0,0,0
280.87,96.05,96.05,0,0,255.0,255.0,0,0
281.85,96.05,96.05,0,0,255.0,255.0,0,0
282.82,96.05,96.05,0,0,255.0,255.0,0,0
283.82,96.05,96.05,0,0,255.0,255.0,0,0
284.88,96.15,96.15,0,0,63.92,255.0,0,0
285.83,96.16,96.16,0,0,64.05,255.0,0,0
286.83,96.22,96.22,0,0,64.39,255.0,0,0
287.88,96.18,96.18,0,0,64.42,255.0,0,0
288.89,96.22,96.22,0,0,64.48,255.0,0,0
289.83,96.2,96.2,0,0,64.51,255.0,0,0
290.88,96.26,96.26,0,0,64.84,255.0,0,0
291.88,96.27,96.27,0,0,64.95,255.0,0,0
292.88,96.27,96.27,0,0,255.0,255.0,0,0
293.87,96.27,96.27,0,0,255.0,255.0,0,0
294.88,96.27,96.27,0,0,255.0,255.0,0,0
295.89,96.27,96.27,0,0,255.0,255.0,0,0
296.87,96.27,96.27,0,0,255.0,255.0,0,0
297.88,96.27,96.27,0,0,255.0,255.0,0,0
298.9,96.27,96.27,0,0,255.0,255.0,0,0
299.86,96.27,96.27,0,0,255.0,255.0,0,0
300.91,96.27,96.27,0,0,255.0,255.0,0,0
301.85,96.27,96.27,0,0,255.0,255.0,0,0
302.77,96.27,96.27,0,0,255.0,255.0,0,0
303.77,96.27,96.27,0,0,255.0,255.0,0,0
304.77,96.27,96.27,0,0,255.0,255.0,0,0
305.76,96.27,96.27,0,0,255.0,255.0,0,0
306.76,96.27,96.27,0,0,255.0,255.0,0,0
307.73,96.27,96.27,0,0,255.0,255.0,0,0
308.72,96.39,96.39,0,0,66.4,255.0,0,0
309.72,96.44,96.44,0,0,66.49,255.0,0,0
310.72,96.38,96.38,0,0,66.45,255.0,0,0
311.72,96.42,96.42,0,0,66.55,255.0,0,0
312.72,96.41,96.41,0,0,66.65,255.0,0,0
313.72,96.41,96.41,0,0,66.66,255.0,0,0
314.71,96.43,96.43,0,0,66.7,255.0,0,0
315.71,96.44,96.44,0,0,66.88,255.0,0,0
316.71,96.43,96.43,0,0,67.02,255.0,0,0
317.75,96.43,96.43,0,0,255.0,255.0,0,0
318.75,96.43,96.43,0,0,255.0,255.0,0,0
319.75,96.43,96.43,0,0,255.0,255.0,0,0
320.75,96.43,96.43,0,0,255.0,255.0,0,0
321.75,96.43,96.43,0,0,255.0,255.0,0,0
322.75,96.43,96.43,0,0,255.0,255.0,0,0
323.75,96.43,96.43,0,0,255.0,255.0,0,0
324.75,96.43,96.43,0,0,255.0,255.0,0,0
325.74,96.43,96.43,0,0,255.0,255.0,0,0
326.74,96.43,96.43,0,0,255.0,255.0,0,0
327.74,96.43,96.43,0,0,255.0,255.0,0,0
328.74,96.43,96.43,0,0,255.0,255.0,0,0
329.74,96.43,96.43,0,0,255.0,255.0,0,0
330.74,96.43,96.43,0,0,255.0,255.0,0,0
331.74,96.43,96.43,0,0,255.0,255.0,0,0
332.74,96.43,96.43,0,0,255.0,255.0,0,0
333.74,96.43,96.43,0,0,255.0,255.0,0,0
334.74,96.54,96.54,0,0,67.93,255.0,0,0
335.74,96.55,96.55,0,0,68.11,255.0,0,0
336.74,96.56,96.56,0,0,67.97,255.0,0,0
337.75,96.58,96.58,0,0,67.98,255.0,0,0
338.75,96.58,96.58,0,0,68.04,255.0,0,0
339.74,96.61,96.61,0,0,68.18,255.0,0,0
340.74,96.59,96.59,0,0,68.09,255.0,0,0
341.77,96.58,96.58,0,0,68.14,255.0,0,0
342.75,96.63,96.63,0,0,68.28,255.0,0,0
343.75,96.64,96.64,0,0,68.29,255.0,0,0
344.76,96.64,96.64,0,0,68.27,255.0,0,0
345.76,96.64,96.64,0,0,68.27,255.0,0,0
346.75,96.66,96.66,0,0,68.4,255.0,0,0
347.77,96.64,96.64,0,0,68.42,255.0,0,0
348.79,96.64,96.64,0,0,68.4,255.0,0,0
349.79,96.65,96.65,0,0,68.39,255.0,0,0
350.82,96.69,96.69,0,0,68.58,255.0,0,0
351.78,96.64,96.64,0,0,68.62,255.0,0,0
352.78,96.69,96.69,0,0,68.57,255.0,0,0
353.79,96.68,96.68,0,0,68.58,255.0,0,0
354.79,96.68,96.68,0,0,68.62,255.0,0,0
355.79,96.68,96.68,0,0,68.81,255.0,0,0
356.8,96.67,96.67,0,0,68.67,255.0,0,0
357.78,96.71,96.71,0,0,68.64,255.0,0,0
358.8,96.72,96.72,0,0,68.7,255.0,0,0
359.8,96.72,96.72,0,0,68.78,255.0,0,0
360.8,96.73,96.73,0,0,68.76,255.0,0,0
361.8,96.73,96.73,0,0,68.67,255.0,0,0
362.8,96.75,96.75,0,0,68.76,255.0,0,0
363.74,96.73,96.73,0,0,68.83,255.0,0,0
364.75,96.77,96.77,0,0,68.8,255.0,0,0
365.66,96.74,96.74,0,0,68.8,255.0,0,0
366.66,96.75,96.75,0,0,68.79,255.0,0,0
367.66,96.78,96.78,0,0,68.81,255.0,0,0
368.66,96.78,96.78,0,0,69.0,255.0,0,0
369.66,96.79,96.79,0,0,68.9,255.0,0,0
370.66,96.78,96.78,0,0,68.85,255.0,0,0
371.66,96.81,96.81,0,0,68.94,255.0,0,0
372.66,96.79,96.79,0,0,69.0,255.0,0,0
373.65,96.8,96.8,0,0,68.94,255.0,0,0
374.65,96.79,96.79,0,0,68.84,255.0,0,0
375.65,96.82,96.82,0,0,68.87,255.0,0,0
376.65,96.85,96.85,0,0,68.86,255.0,0,0
377.65,96.86,96.86,0,0,68.9,255.0,0,0
378.69,96.86,96.86,0,0,255.0,255.0,0,0
379.69,96.86,96.86,0,0,255.0,255.0,0,0
380.69,96.86,96.86,0,0,255.0,255.0,0,0
381.69,96.86,96.86,0,0,255.0,255.0,0,0
382.69,96.86,96.86,0,0,255.0,255.0,0,0
383.69,96.86,96.86,0,0,255.0,255.0,0,0
384.69,96.86,96.86,0,0,255.0,255.0,0,0
385.68,96.86,96.86,0,0,255.0,255.0,0,0
386.68,96.86,96.86,0,0,255.0,255.0,0,0
387.68,96.86,96.86,0,0,255.0,255.0,0,0
388.68,96.86,96.86,0,0,255.0,255.0,0,0
389.68,96.86,96.86,0,0,255.0,255.0,0,0
390.68,96.86,96.86,0,0,255.0,255.0,0,0
391.68,96.86,96.86,0,0,255.0,255.0,0,0
392.68,96.86,96.86,0,0,255.0,255.0,0,0
393.68,96.86,96.86,0,0,255.0,255.0,0,0
394.68,96.86,96.86,0,0,255.0,255.0,0,0
395.68,96.86,96.86,0,0,255.0,255.0,0,0
396.67,96.86,96.86,0,0,255.0,255.0,0,0
397.67,96.86,96.86,0,0,255.0,255.0,0,0
398.67,96.86,96.86,0,0,255.0,255.0,0,0
399.67,96.86,96.86,0,0,255.0,255.0,0,0
400.67,96.86,96.86,0,0,255.0,255.0,0,0
401.67,96.86,96.86,0,0,255.0,255.0,0,0
402.67,96.86,96.86,0,0,255.0,255.0,0,0
403.67,96.86,96.86,0,0,255.0,255.0,0,0
404.67,96.86,96.86,0,0,255.0,255.0,0,0
405.67,96.86,96.86,0,0,255.0,255.0,0,0
406.67,96.86,96.86,0,0,255.0,255.0,0,0
407.67,96.86,96.86,0,0,255.0,255.0,0,0
408.66,96.86,96.86,0,0,255.0,255.0,0,0
409.66,96.86,96.86,0,0,255.0,255.0,0,0
410.66,96.86,96.86,0,0,255.0,255.0,0,0
411.66,96.86,96.86,0,0,255.0,255.0,0,0
412.62,96.86,96.86,0,0,255.0,255.0,0,0
413.64,96.86,96.86,0,0,255.0,255.0,0,0
414.62,96.86,97.63,0,0,255.0,70.02,0,0
415.62,97.63,97.61,0,0,255.0,69.96,0,0
416.62,97.61,97.64,0,0,255.0,69.65,0,0
417.62,97.64,97.64,0,0,255.0,69.94,0,0
418.63,97.64,97.63,0,0,255.0,69.95,0,0
419.64,97.63,97.65,0,0,255.0,70.08,0,0
420.65,97.65,97.61,0,0,255.0,69.78,0,0
421.64,97.61,97.69,0,0,255.0,69.48,0,0
422.68,97.69,97.67,0,0,255.0,69.43,0,0
423.65,97.67,97.67,0,0,255.0,69.66,0,0
424.65,97.67,97.67,0,0,255.0,69.66,0,0
425.66,97.67,97.66,0,0,255.0,69.54,0,0
426.67,97.66,97.65,0,0,255.0,69.56,0,0
427.67,97.65,97.69,0,0,255.0,69.45,0,0
428.68,97.69,97.71,0,0,255.0,69.92,0,0
429.69,97.71,97.66,0,0,255.0,69.88,0,0
430.7,97.66,97.66,0,0,255.0,69.75,0,0
431.7,97.66,97.68,0,0,255.0,69.73,0,0
432.66,97.68,97.69,0,0,255.0,69.94,0,0
433.69,97.69,97.66,0,0,255.0,70.16,0,0
434.7,97.66,97.64,0,0,255.0,70.09,0,0
435.69,97.64,97.66,0,0,255.0,69.75,0,0
436.66,97.66,97.66,0,0,255.0,69.82,0,0
437.68,97.66,97.68,0,0,255.0,70.07,0,0
438.67,97.68,97.66,0,0,255.0,70.02,0,0
439.66,97.66,97.67,0,0,255.0,69.75,0,0
440.68,97.67,97.71,0,0,255.0,69.79,0,0
441.68,97.71,97.7,0,0,255.0,69.89,0,0
442.67,97.7,97.69,0,0,255.0,69.89,0,0
443.67,97.69,97.67,0,0,255.0,69.69,0,0
444.68,97.67,97.7,0,0,255.0,69.94,0,0
445.73,97.7,97.7,0,0,255.0,70.15,0,0
446.72,97.7,97.7,0,0,255.0,69.97,0,0
447.7,97.7,97.71,0,0,255.0,69.7,0,0
448.71,97.71,97.7,0,0,255.0,69.56,0,0
449.71,97.7,97.74,0,0,255.0,69.46,0,0
450.74,97.74,97.73,0,0,255.0,69.85,0,0
451.71,97.15,97.7,0,0,69.47,69.62,0,0
452.72,97.15,97.72,0,0,69.43,69.5,0,0
453.73,97.16,97.75,0,0,69.46,69.52,0,0
454.7,97.15,97.72,0,0,69.44,69.74,0,0
455.66,97.17,97.74,0,0,69.48,69.86,0,0
456.67,97.15,97.72,0,0,69.36,69.8,0,0
457.67,97.19,97.71,0,0,69.42,69.7,0,0
458.67,97.19,97.7,0,0,69.4,69.69,0,0
459.67,97.19,97.71,0,0,69.44,69.54,0,0
460.59,97.16,97.74,0,0,69.35,69.47,0,0
461.59,97.2,97.74,0,0,69.36,69.72,0,0
462.59,97.2,97.72,0,0,69.38,69.73,0,0
463.59,97.22,97.72,0,0,69.35,69.53,0,0
464.59,97.19,97.77,0,0,69.36,69.67,0,0
465.59,97.21,97.72,0,0,69.3,69.7,0,0
466.58,97.22,97.73,0,0,69.27,69.56,0,0
467.58,97.22,97.74,0,0,69.29,69.57,0,0
468.58,97.23,97.74,0,0,69.34,69.44,0,0
469.58,97.23,97.7,0,0,69.38,69.58,0,0
470.58,97.21,97.69,0,0,69.3,69.69,0,0
471.58,97.23,97.7,0,0,69.24,69.54,0,0
472.58,97.23,97.71,0,0,69.21,69.73,0,0
473.58,97.23,97.7,0,0,69.28,69.52,0,0
474.58,97.26,97.72,0,0,69.37,69.83,0,0
475.58,97.25,97.69,0,0,69.3,69.92,0,0
476.58,97.26,97.69,0,0,69.26,69.84,0,0
477.58,97.25,97.69,0,0,69.23,69.58,0,0
478.57,97.24,97.71,0,0,69.27,69.49,0,0
479.57,97.26,97.7,0,0,69.28,69.44,0,0
480.57,97.26,97.73,0,0,69.26,69.43,0,0
481.57,97.28,97.73,0,0,69.23,69.37,0,0
482.57,97.27,97.71,0,0,69.27,69.17,0,0
483.57,97.26,97.74,0,0,69.28,69.15,0,0
484.57,97.27,97.73,0,0,69.27,69.17,0,0
485.57,97.28,97.75,0,0,69.26,69.28,0,0
486.57,97.28,97.72,0,0,69.27,69.35,0,0
487.57,97.3,97.74,0,0,69.26,69.5,0,0
488.57,97.27,97.73,0,0,69.23,69.45,0,0
489.56,97.32,97.71,0,0,69.22,69.37,0,0
490.56,97.3,97.72,0,0,69.19,69.23,0,0
491.56,97.34,97.74,0,0,69.25,69.26,0,0
492.56,97.33,97.77,0,0,69.22,69.3,0,0
493.56,97.31,97.75,0,0,69.23,69.3,0,0
494.56,97.32,97.75,0,0,69.19,69.3,0,0
495.56,97.32,97.72,0,0,69.17,69.26,0,0
496.57,97.31,97.74,0,0,69.23,69.3,0,0
497.56,97.32,97.73,0,0,69.19,69.22,0,0
498.56,97.32,97.73,0,0,69.21,69.27,0,0
499.57,97.32,97.75,0,0,69.21,69.25,0,0
500.57,97.34,97.76,0,0,69.28,69.38,0,0
501.56,97.3,97.74,0,0,69.27,69.33,0,0
502.56,97.35,97.73,0,0,69.29,69.28,0,0
503.56,97.34,97.74,0,0,69.24,69.25,0,0
504.56,97.36,97.75,0,0,69.25,69.26,0,0
505.56,97.34,97.75,0,0,69.27,69.36,0,0
506.57,97.36,97.75,0,0,69.27,69.41,0,0
507.56,97.34,97.73,0,0,69.26,69.33,0,0
508.56,97.34,97.76,0,0,69.19,69.45,0,0
509.56,97.33,97.73,0,0,69.18,69.39,0,0
510.57,97.37,97.71,0,0,69.2,69.49,0,0
511.57,97.37,97.75,0,0,69.22,69.37,0,0
512.56,97.36,97.75,0,0,69.24,69.34,0,0
513.6,97.36,97.75,0,0,69.21,69.4,0,0
514.58,97.35,97.75,0,0,69.26,69.37,0,0
515.59,97.37,97.75,0,0,69.26,69.57,0,0
516.57,97.35,97.76,0,0,69.25,69.57,0,0
517.59,97.37,97.74,0,0,69.23,69.44,0,0
518.59,97.38,97.76,0,0,69.17,69.31,0,0
519.6,97.36,97.77,0,0,69.16,69.34,0,0
520.59,97.37,97.77,0,0,69.19,69.23,0,0
521.59,97.39,97.79,0,0,69.2,69.29,0,0
522.59,97.38,97.78,0,0,69.16,69.31,0,0
523.59,97.42,97.79,0,0,69.13,69.3,0,0
524.61,97.4,97.76,0,0,69.11,69.46,0,0
525.6,97.41,97.76,0,0,69.18,69.57,0,0
526.59,97.41,97.75,0,0,69.15,69.57,0,0
527.59,97.4,97.77,0,0,69.17,69.53,0,0
528.6,97.42,97.75,0,0,69.14,69.43,0,0
529.63,97.4,97.79,0,0,69.13,69.46,0,0
530.6,97.46,97.79,0,0,69.11,69.49,0,0
531.6,97.43,97.79,0,0,69.15,69.36,0,0
532.6,97.42,97.76,0,0,69.16,69.44,0,0
533.63,97.76,97.76,0,0,69.44,69.37,0,0
534.62,97.42,97.79,0,0,69.16,69.63,0,0
535.65,97.42,97.77,0,0,69.16,69.59,0,0
536.65,97.45,97.78,0,0,69.23,69.43,0,0
537.66,97.78,97.78,0,0,69.43,69.43,0,0
538.66,97.78,97.78,0,0,69.43,69.43,0,0
539.68,97.78,97.78,0,0,69.43,69.43,0,0
540.51,97.78,97.78,0,0,255.0,255.0,0,0
541.51,97.78,97.77,0,0,255.0,69.57,0,0
542.51,97.77,97.78,0,0,255.0,69.45,0,0
543.51,97.78,97.8,0,0,255.0,69.49,0,0
544.51,97.8,97.77,0,0,255.0,69.57,0,0
545.55,97.77,97.77,0,0,69.57,69.57,0,0
546.55,97.77,97.77,0,0,69.57,69.57,0,0
547.55,97.77,97.77,0,0,69.57,69.57,0,0
548.54,97.77,97.77,0,0,69.57,69.57,0,0
549.54,97.77,97.77,0,0,69.57,69.57,0,0
550.54,97.77,97.77,0,0,69.57,69.57,0,0
551.54,97.77,97.77,0,0,69.57,69.57,0,0
552.54,97.77,97.77,0,0,69.57,69.57,0,0
553.54,97.77,97.77,0,0,69.57,69.57,0,0
554.54,97.77,97.77,0,0,69.57,69.57,0,0
555.54,97.77,97.77,0,0,69.57,69.57,0,0
556.54,97.77,97.77,0,0,69.57,69.57,0,0
557.54,97.77,97.77,0,0,69.57,69.57,0,0
558.53,97.77,97.77,0,0,69.57,69.57,0,0
559.53,97.77,97.77,0,0,69.57,69.57,0,0
560.53,97.77,97.77,0,0,69.57,69.57,0,0
561.53,97.77,97.77,0,0,69.57,69.57,0,0
562.53,97.77,97.77,0,0,69.57,69.57,0,0
563.53,97.77,97.77,0,0,69.57,69.57,0,0
564.53,97.77,97.77,0,0,69.57,69.57,0,0
565.53,97.77,97.77,0,0,69.57,69.57,0,0
566.53,97.77,97.77,0,0,69.57,69.57,0,0
567.53,97.77,97.77,0,0,69.57,69.57,0,0
568.52,97.77,97.77,0,0,69.57,69.57,0,0
569.52,97.77,97.77,0,0,69.57,69.57,0,0
570.52,97.77,97.77,0,0,69.57,69.57,0,0
571.52,97.77,97.77,0,0,69.57,69.57,0,0
572.52,97.77,97.77,0,0,69.57,69.57,0,0
573.52,97.77,97.77,0,0,69.57,69.57,0,0
574.52,97.77,97.77,0,0,69.57,69.57,0,0
575.52,97.77,97.77,0,0,69.57,69.57,0,0
576.52,97.77,97.77,0,0,69.57,69.57,0,0
577.52,97.77,97.77,0,0,69.57,69.57,0,0
578.52,97.77,97.77,0,0,69.57,69.57,0,0
579.51,97.77,97.77,0,0,69.57,69.57,0,0
580.51,97.77,97.77,0,0,69.57,69.57,0,0
581.51,97.77,97.77,0,0,69.57,69.57,0,0
582.51,97.77,97.77,0,0,69.57,69.57,0,0
583.51,97.77,97.77,0,0,69.57,69.57,0,0
584.51,97.77,97.77,0,0,69.57,69.57,0,0
585.51,97.77,97.77,0,0,69.57,69.57,0,0
586.51,97.77,97.77,0,0,69.57,69.57,0,0
587.51,97.77,97.77,0,0,69.57,69.57,0,0
588.51,97.77,97.77,0,0,69.57,69.57,0,0
589.5,97.77,97.77,0,0,69.57,69.57,0,0
590.5,97.77,97.77,0,0,69.57,69.57,0,0
591.5,97.77,97.77,0,0,69.57,69.57,0,0
592.5,97.77,97.77,0,0,69.57,69.57,0,0
593.5,97.77,97.77,0,0,69.57,69.57,0,0
594.5,97.77,97.77,0,0,69.57,69.57,0,0
595.5,97.77,97.77,0,0,69.57,69.57,0,0
596.5,97.77,97.77,0,0,69.57,69.57,0,0
597.5,97.77,97.77,0,0,69.57,69.57,0,0
598.5,97.77,97.77,0,0,69.57,69.57,0,0
599.49,97.77,97.77,0,0,69.57,69.57,0,0
600.49,97.77,97.77,0,0,69.57,69.57,0,0
601.49,97.77,97.77,0,0,69.57,69.57,0,0
602.49,97.77,97.77,0,0,69.57,69.57,0,0
603.49,97.77,97.77,0,0,69.57,69.57,0,0
604.49,97.77,97.77,0,0,69.57,69.57,0,0
605.49,97.77,97.77,0,0,69.57,69.57,0,0
606.49,97.77,97.77,0,0,69.57,69.57,0,0
607.49,97.77,97.77,0,0,69.57,69.57,0,0
608.49,97.77,97.77,0,0,69.57,69.57,0,0
609.49,97.77,97.77,0,0,69.57,69.57,0,0
610.49,97.77,97.77,0,0,69.57,69.57,0,0
611.5,97.77,97.77,0,0,69.57,69.57,0,0
612.48,97.77,97.77,0,0,69.57,69.57,0,0
613.48,97.77,97.77,0,0,69.57,69.57,0,0
614.48,97.77,97.77,0,0,69.57,69.57,0,0
615.48,97.77,97.77,0,0,69.57,69.57,0,0
616.48,97.77,97.77,0,0,69.57,69.57,0,0
617.5,97.77,97.77,0,0,69.57,69.57,0,0
618.5,97.77,97.77,0,0,69.57,69.57,0,0
619.52,97.77,97.77,0,0,69.57,69.57,0,0
620.53,97.77,97.77,0,0,69.57,69.57,0,0
621.5,97.77,97.77,0,0,69.57,69.57,0,0
622.5,97.77,97.77,0,0,69.57,69.57,0,0
623.5,97.77,97.77,0,0,69.57,69.57,0,0
624.52,97.77,97.77,0,0,69.57,69.57,0,0
625.52,97.77,97.87,0,0,69.57,69.12,0,0
626.49,97.65,97.88,0,0,68.2,69.14,0,0
627.5,97.65,97.87,0,0,68.18,69.07,0,0
628.5,97.67,97.87,0,0,68.2,69.04,0,0
629.51,97.67,97.88,0,0,68.25,69.03,0,0
630.52,97.67,97.88,0,0,68.18,69.1,0,0
631.52,97.67,97.89,0,0,68.2,69.06,0,0
632.52,97.68,97.88,0,0,68.21,69.05,0,0
633.52,97.68,97.89,0,0,68.22,69.05,0,0
634.52,97.67,97.89,0,0,68.17,69.11,0,0
635.52,97.69,97.87,0,0,68.11,69.23,0,0
636.51,97.7,97.87,0,0,68.08,69.21,0,0
637.52,97.7,97.88,0,0,68.1,69.16,0,0
638.54,97.69,97.88,0,0,68.13,69.11,0,0
639.55,97.69,97.89,0,0,68.09,69.25,0,0
640.55,97.71,97.89,0,0,68.04,69.37,0,0
641.55,97.7,97.89,0,0,68.04,69.34,0,0
642.55,97.69,97.86,0,0,68.03,69.27,0,0
643.55,97.71,97.89,0,0,68.05,69.16,0,0
644.55,97.69,97.89,0,0,68.02,69.16,0,0
645.55,97.69,97.91,0,0,68.02,69.24,0,0
646.54,97.7,97.9,0,0,67.99,69.25,0,0
647.54,97.7,97.9,0,0,67.98,69.21,0,0
648.5,97.69,97.86,0,0,68.0,69.13,0,0
649.51,97.7,97.89,0,0,67.97,69.16,0,0
650.41,97.72,97.9,0,0,67.94,69.15,0,0
651.41,97.74,97.91,0,0,67.92,69.22,0,0
652.41,97.71,97.87,0,0,67.89,69.27,0,0
653.4,97.72,97.72,0,0,67.9,255.0,0,0
654.4,97.72,97.72,0,0,67.86,255.0,0,0
655.4,97.74,97.74,0,0,67.87,255.0,0,0
656.4,97.74,97.74,0,0,67.83,255.0,0,0
657.4,97.71,97.71,0,0,67.82,255.0,0,0
658.4,97.74,97.74,0,0,67.79,255.0,0,0
659.4,97.74,97.74,0,0,67.83,255.0,0,0
660.4,97.77,97.77,0,0,67.82,255.0,0,0
661.39,97.76,97.76,0,0,67.8,255.0,0,0
662.39,97.72,97.72,0,0,67.76,255.0,0,0
663.39,97.74,97.74,0,0,67.77,255.0,0,0
664.39,97.74,97.74,0,0,67.75,255.0,0,0
665.39,97.75,97.75,0,0,67.7,255.0,0,0
666.39,97.76,97.76,0,0,67.69,255.0,0,0
667.39,97.75,97.75,0,0,67.65,255.0,0,0
668.39,97.77,97.77,0,0,67.64,255.0,0,0
669.39,97.76,97.76,0,0,67.69,255.0,0,0
670.39,97.76,97.76,0,0,67.65,255.0,0,0
671.39,97.75,97.75,0,0,67.61,255.0,0,0
672.38,97.76,97.76,0,0,67.65,255.0,0,0
673.38,97.76,97.76,0,0,67.6,255.0,0,0
674.38,97.78,97.78,0,0,67.65,255.0,0,0
675.38,97.75,97.75,0,0,67.59,255.0,0,0
676.38,97.77,97.77,0,0,67.58,255.0,0,0
677.38,97.76,97.76,0,0,67.56,255.0,0,0
678.38,97.79,97.79,0,0,67.57,255.0,0,0
679.38,97.78,97.78,0,0,67.56,255.0,0,0
680.38,97.78,97.78,0,0,67.51,255.0,0,0
681.38,97.8,97.8,0,0,67.48,255.0,0,0
682.37,97.77,97.77,0,0,67.47,255.0,0,0
683.37,97.78,97.78,0,0,67.46,255.0,0,0
684.37,97.84,97.84,0,0,67.48,255.0,0,0
685.37,97.8,97.8,0,0,67.47,255.0,0,0
686.37,97.81,97.81,0,0,67.43,255.0,0,0
687.37,97.83,97.83,0,0,67.43,255.0,0,0
688.37,97.83,97.83,0,0,67.41,255.0,0,0
689.37,97.8,97.8,0,0,67.44,255.0,0,0
690.37,97.81,97.81,0,0,67.4,255.0,0,0
691.37,97.84,97.84,0,0,67.41,255.0,0,0
692.36,97.81,97.81,0,0,67.39,255.0,0,0
693.36,97.82,97.82,0,0,67.35,255.0,0,0
694.36,97.8,97.8,0,0,67.35,255.0,0,0
695.36,97.81,97.81,0,0,67.29,255.0,0,0
696.36,97.79,97.79,0,0,67.28,255.0,0,0
697.36,97.84,97.84,0,0,67.31,255.0,0,0
698.36,97.83,97.83,0,0,67.31,255.0,0,0
699.36,97.84,97.84,0,0,67.33,255.0,0,0
700.36,97.84,97.84,0,0,67.3,255.0,0,0
701.36,97.82,97.82,0,0,67.27,255.0,0,0
702.35,97.85,97.85,0,0,67.26,255.0,0,0
703.35,97.85,97.85,0,0,67.29,255.0,0,0
704.35,97.84,97.84,0,0,67.24,255.0,0,0
705.35,97.84,97.84,0,0,67.21,255.0,0,0
706.35,97.82,97.82,0,0,67.19,255.0,0,0
707.35,97.84,97.84,0,0,67.13,255.0,0,0
708.35,97.86,97.86,0,0,67.17,255.0,0,0
709.35,97.85,97.85,0,0,67.16,255.0,0,0
710.35,97.85,97.85,0,0,67.11,255.0,0,0
711.35,97.85,97.85,0,0,67.1,255.0,0,0
712.35,97.86,97.99,0,0,67.09,68.08,0,0
713.35,97.84,98.0,0,0,67.07,68.39,0,0
714.35,97.86,97.99,0,0,67.09,68.52,0,0
715.35,97.86,97.96,0,0,67.07,68.49,0,0
716.36,97.85,97.97,0,0,67.08,68.52,0,0
717.4,97.84,97.97,0,0,67.05,68.5,0,0
718.37,97.83,97.98,0,0,66.99,68.51,0,0
719.37,97.86,97.98,0,0,66.98,68.62,0,0
720.38,97.86,97.95,0,0,66.95,68.54,0,0
721.37,97.86,97.97,0,0,66.98,68.51,0,0
722.4,97.87,97.95,0,0,66.99,68.48,0,0
723.39,97.89,97.95,0,0,66.96,68.48,0,0
724.4,97.87,97.98,0,0,66.93,68.57,0,0
725.39,97.89,97.95,0,0,66.91,68.6,0,0
726.39,97.85,97.97,0,0,66.88,68.61,0,0
727.39,97.91,97.97,0,0,66.88,68.56,0,0
728.39,97.9,97.96,0,0,66.89,68.59,0,0
729.39,97.88,97.99,0,0,66.86,68.63,0,0
730.41,97.87,97.98,0,0,66.86,68.58,0,0
731.4,97.87,97.94,0,0,66.83,68.66,0,0
732.39,97.88,97.95,0,0,66.84,68.7,0,0
733.4,97.88,97.95,0,0,66.83,68.71,0,0
734.42,97.91,97.94,0,0,66.8,68.73,0,0
735.38,97.89,97.98,0,0,66.77,68.65,0,0
736.39,97.89,97.97,0,0,66.72,68.7,0,0
737.38,97.88,97.97,0,0,66.73,68.76,0,0
738.38,97.9,97.94,0,0,66.73,68.71,0,0
739.38,97.91,97.96,0,0,66.76,68.66,0,0
740.39,97.89,97.93,0,0,66.75,68.59,0,0
741.38,97.91,97.96,0,0,66.75,68.52,0,0
742.38,97.9,97.96,0,0,66.7,68.63,0,0
743.4,97.91,97.96,0,0,66.65,68.71,0,0
744.37,97.92,97.95,0,0,66.7,68.74,0,0
745.39,97.9,97.95,0,0,66.71,68.65,0,0
746.37,97.91,97.97,0,0,66.72,68.59,0,0
747.38,97.89,97.98,0,0,66.67,68.6,0,0
748.38,97.93,97.97,0,0,66.62,68.83,0,0
749.39,97.93,97.92,0,0,66.65,68.97,0,0
750.39,97.9,97.92,0,0,66.63,68.94,0,0
751.4,97.9,97.93,0,0,66.65,68.9,0,0
752.41,97.91,97.93,0,0,66.65,68.8,0,0
753.4,97.91,97.94,0,0,66.58,68.97,0,0
754.4,97.93,97.94,0,0,66.59,69.23,0,0
755.4,97.93,97.94,0,0,66.6,69.25,0,0
756.41,97.95,97.94,0,0,66.62,69.21,0,0
757.41,97.96,97.9,0,0,66.62,69.05,0,0
758.43,97.96,97.94,0,0,66.63,68.94,0,0
759.43,97.92,97.92,0,0,66.56,68.98,0,0
760.43,97.91,97.94,0,0,66.51,69.14,0,0
761.43,97.94,97.94,0,0,66.51,69.37,0,0
762.43,97.93,97.9,0,0,66.53,69.24,0,0
763.42,97.93,97.88,0,0,66.55,69.06,0,0
764.42,97.93,97.91,0,0,66.54,68.99,0,0
765.43,97.95,97.93,0,0,66.51,68.95,0,0
766.43,97.95,97.84,0,0,66.45,69.01,0,0
767.43,97.94,97.8,0,0,66.41,68.89,0,0
768.43,97.96,97.91,0,0,66.43,68.17,0,0
769.44,97.95,98.03,0,0,66.44,67.86,0,0
770.42,97.96,98.09,0,0,66.44,67.78,0,0
