RH and T log,Tue Sep 16 09:34:10 2025
Time (s),RH1,RH2,RH3,RH4,T1,T2,T3,T4
10.43,100.0,100.0,0,0,21.69,21.98,0,0
10.94,100.0,100.0,0,0,21.68,22.01,0,0
11.93,100.0,100.0,0,0,21.69,22.02,0,0
12.94,100.0,100.0,0,0,21.69,22.0,0,0
13.94,100.0,100.0,0,0,21.69,21.96,0,0
14.95,100.0,100.0,0,0,21.69,21.97,0,0
15.93,100.0,100.0,0,0,21.68,21.96,0,0
16.93,100.0,100.0,0,0,21.69,21.91,0,0
17.94,100.0,100.0,0,0,21.69,21.9,0,0
18.94,100.0,100.0,0,0,21.68,21.87,0,0
19.97,100.0,100.0,0,0,21.68,21.86,0,0
20.97,100.0,100.0,0,0,21.69,21.86,0,0
21.99,100.0,100.0,0,0,21.71,21.87,0,0
22.96,100.0,100.0,0,0,21.69,21.9,0,0
23.95,100.0,100.0,0,0,21.68,21.9,0,0
24.98,100.0,100.0,0,0,21.7,21.94,0,0
25.97,100.0,100.0,0,0,21.71,21.92,0,0
26.99,100.0,100.0,0,0,21.69,21.95,0,0
27.98,100.0,100.0,0,0,21.71,21.94,0,0
28.96,100.0,100.0,0,0,21.7,21.97,0,0
29.98,100.0,100.0,0,0,21.71,21.98,0,0
30.98,100.0,100.0,0,0,21.69,22.08,0,0
31.97,100.0,100.0,0,0,21.62,22.12,0,0
32.97,100.0,100.0,0,0,21.55,22.13,0,0
34.0,100.0,100.0,0,0,21.48,22.04,0,0
35.0,100.0,100.0,0,0,21.29,22.04,0,0
36.0,100.0,100.0,0,0,21.09,21.98,0,0
37.03,100.0,100.0,0,0,20.81,21.77,0,0
37.99,100.0,100.0,0,0,20.55,21.4,0,0
39.02,100.0,100.0,0,0,20.36,21.21,0,0
40.04,100.0,100.0,0,0,20.2,21.08,0,0
41.04,100.0,100.0,0,0,20.09,21.0,0,0
42.04,100.0,100.0,0,0,20.0,20.91,0,0
43.03,100.0,100.0,0,0,19.92,20.8,0,0
44.05,100.0,100.0,0,0,19.89,20.68,0,0
45.05,100.0,100.0,0,0,19.86,20.64,0,0
46.06,100.0,100.0,0,0,19.81,20.44,0,0
46.96,100.0,100.0,0,0,19.74,20.04,0,0
48.05,100.0,100.0,0,0,19.75,19.78,0,0
48.88,100.0,100.0,0,0,19.64,19.61,0,0
49.88,100.0,100.0,0,0,19.7,19.56,0,0
50.88,100.0,100.0,0,0,19.51,19.5,0,0
51.88,100.0,100.0,0,0,19.44,19.51,0,0
52.88,100.0,100.0,0,0,19.41,19.57,0,0
53.88,100.0,100.0,0,0,19.44,19.65,0,0
54.88,100.0,100.0,0,0,19.48,19.74,0,0
55.87,100.0,100.0,0,0,19.46,19.8,0,0
56.87,100.0,100.0,0,0,19.46,19.84,0,0
57.87,100.0,100.0,0,0,19.49,19.9,0,0
58.87,100.0,100.0,0,0,19.51,19.95,0,0
59.87,100.0,100.0,0,0,19.52,19.96,0,0
60.87,100.0,100.0,0,0,19.51,20.0,0,0
61.87,100.0,100.0,0,0,19.53,20.08,0,0
62.87,100.0,100.0,0,0,19.5,20.16,0,0
63.86,100.0,100.0,0,0,19.48,20.17,0,0
64.86,100.0,100.0,0,0,19.47,20.25,0,0
65.86,100.0,100.0,0,0,19.46,20.31,0,0
66.86,100.0,100.0,0,0,19.43,20.39,0,0
67.86,100.0,100.0,0,0,19.45,20.46,0,0
68.86,100.0,100.0,0,0,19.37,20.48,0,0
69.86,100.0,100.0,0,0,19.35,20.46,0,0
70.85,100.0,100.0,0,0,19.35,20.45,0,0
71.85,100.0,100.0,0,0,19.39,20.49,0,0
72.85,100.0,100.0,0,0,19.35,20.52,0,0
73.85,100.0,100.0,0,0,19.39,20.55,0,0
74.85,100.0,100.0,0,0,19.37,20.58,0,0
75.85,100.0,100.0,0,0,19.36,20.6,0,0
76.85,100.0,100.0,0,0,19.37,20.67,0,0
77.85,100.0,100.0,0,0,19.39,20.78,0,0
78.84,100.0,100.0,0,0,19.4,20.88,0,0
79.84,100.0,100.0,0,0,19.41,20.93,0,0
80.84,100.0,100.0,0,0,19.4,20.98,0,0
81.84,100.0,100.0,0,0,19.37,21.05,0,0
82.84,100.0,100.0,0,0,19.4,21.08,0,0
83.84,100.0,100.0,0,0,19.41,21.08,0,0
84.84,100.0,100.0,0,0,19.41,21.09,0,0
85.84,100.0,100.0,0,0,19.43,21.14,0,0
86.83,100.0,100.0,0,0,19.43,21.16,0,0
87.83,100.0,100.0,0,0,19.4,21.18,0,0
88.83,100.0,100.0,0,0,19.38,21.13,0,0
89.83,100.0,100.0,0,0,19.33,21.16,0,0
90.83,100.0,100.0,0,0,19.32,21.28,0,0
91.83,100.0,100.0,0,0,19.33,21.37,0,0
92.83,100.0,100.0,0,0,19.33,21.09,0,0
93.83,100.0,100.0,0,0,19.32,20.92,0,0
94.82,100.0,100.0,0,0,19.31,20.82,0,0
95.82,100.0,100.0,0,0,19.31,20.77,0,0
96.82,100.0,100.0,0,0,19.32,20.67,0,0
97.82,100.0,100.0,0,0,19.35,20.59,0,0
98.82,100.0,100.0,0,0,19.37,20.52,0,0
99.82,100.0,100.0,0,0,19.36,20.4,0,0
100.82,100.0,100.0,0,0,19.39,20.27,0,0
101.82,100.0,100.0,0,0,19.41,20.08,0,0
102.81,100.0,100.0,0,0,19.42,19.97,0,0
103.81,100.0,100.0,0,0,19.39,19.88,0,0
104.81,100.0,100.0,0,0,19.39,19.88,0,0
105.81,100.0,100.0,0,0,19.16,20.05,0,0
106.81,100.0,100.0,0,0,19.01,20.2,0,0
107.81,100.0,100.0,0,0,18.98,20.39,0,0
108.81,100.0,100.0,0,0,19.0,20.58,0,0
109.81,100.0,100.0,0,0,19.04,20.77,0,0
110.81,100.0,100.0,0,0,19.13,20.92,0,0
111.81,100.0,100.0,0,0,19.17,21.13,0,0
112.8,100.0,100.0,0,0,19.17,21.31,0,0
113.8,100.0,100.0,0,0,19.16,21.44,0,0
114.8,100.0,100.0,0,0,19.21,21.66,0,0
115.8,100.0,100.0,0,0,19.18,21.79,0,0
116.81,100.0,100.0,0,0,19.15,21.86,0,0
117.8,100.0,100.0,0,0,19.14,21.93,0,0
118.8,100.0,100.0,0,0,19.08,21.99,0,0
119.79,100.0,100.0,0,0,19.05,22.12,0,0
120.82,100.0,100.0,0,0,19.02,22.25,0,0
121.81,100.0,100.0,0,0,19.01,22.42,0,0
122.79,100.0,100.0,0,0,18.98,22.54,0,0
123.81,100.0,100.0,0,0,19.0,22.62,0,0
124.79,100.0,100.0,0,0,18.98,22.81,0,0
125.79,100.0,100.0,0,0,19.0,22.93,0,0
126.78,100.0,100.0,0,0,19.03,23.05,0,0
127.78,100.0,100.0,0,0,19.05,23.16,0,0
128.79,100.0,100.0,0,0,19.12,23.29,0,0
129.8,100.0,100.0,0,0,19.11,23.4,0,0
130.81,100.0,100.0,0,0,19.13,23.52,0,0
131.78,100.0,100.0,0,0,19.13,23.65,0,0
132.79,100.0,100.0,0,0,19.16,23.74,0,0
133.78,100.0,100.0,0,0,19.12,23.88,0,0
134.79,100.0,100.0,0,0,19.07,23.87,0,0
135.85,100.0,100.0,0,0,18.98,23.49,0,0
136.79,100.0,100.0,0,0,18.91,23.11,0,0
137.77,100.0,100.0,0,0,18.87,22.84,0,0
138.79,100.0,100.0,0,0,18.79,22.12,0,0
139.83,100.0,100.0,0,0,18.78,21.95,0,0
140.79,100.0,100.0,0,0,18.75,22.06,0,0
141.86,100.0,100.0,0,0,18.77,22.16,0,0
142.85,100.0,100.0,0,0,18.78,22.23,0,0
143.81,100.0,100.0,0,0,18.78,22.23,0,0
144.77,100.0,100.0,0,0,18.81,22.23,0,0
145.81,100.0,100.0,0,0,18.82,22.26,0,0
146.85,100.0,100.0,0,0,18.81,22.31,0,0
147.85,100.0,100.0,0,0,18.8,22.44,0,0
148.8,100.0,100.0,0,0,18.79,22.24,0,0
149.82,100.0,100.0,0,0,18.83,22.25,0,0
150.8,100.0,100.0,0,0,18.85,22.3,0,0
151.81,100.0,100.0,0,0,18.85,22.33,0,0
152.79,100.0,100.0,0,0,18.9,22.5,0,0
153.8,100.0,100.0,0,0,18.94,22.65,0,0
154.79,100.0,100.0,0,0,18.96,22.91,0,0
155.85,100.0,100.0,0,0,18.97,23.2,0,0
156.8,100.0,100.0,0,0,18.97,23.38,0,0
157.82,100.0,100.0,0,0,18.99,23.53,0,0
158.82,100.0,100.0,0,0,19.0,23.64,0,0
159.84,100.0,100.0,0,0,18.99,23.67,0,0
160.81,100.0,100.0,0,0,18.97,23.66,0,0
161.83,100.0,100.0,0,0,18.94,23.66,0,0
162.87,100.0,100.0,0,0,18.91,23.68,0,0
163.83,100.0,100.0,0,0,18.89,23.67,0,0
164.81,100.0,100.0,0,0,18.88,23.76,0,0
165.81,100.0,100.0,0,0,18.85,23.9,0,0
166.82,100.0,100.0,0,0,18.88,24.07,0,0
167.82,100.0,100.0,0,0,18.91,24.05,0,0
168.8,100.0,100.0,0,0,18.93,24.08,0,0
169.83,100.0,100.0,0,0,18.96,24.19,0,0
170.8,100.0,100.0,0,0,19.0,24.23,0,0
171.81,100.0,100.0,0,0,18.98,24.34,0,0
172.82,100.0,100.0,0,0,19.01,24.27,0,0
173.83,100.0,100.0,0,0,19.04,24.32,0,0
174.85,100.0,100.0,0,0,19.06,24.37,0,0
175.91,100.0,100.0,0,0,19.1,24.49,0,0
176.82,100.0,100.0,0,0,19.08,24.53,0,0
177.84,100.0,100.0,0,0,19.05,24.6,0,0
178.83,100.0,100.0,0,0,19.02,24.67,0,0
179.84,100.0,100.0,0,0,19.01,24.8,0,0
180.85,100.0,100.0,0,0,19.0,24.82,0,0
181.83,100.0,100.0,0,0,18.98,24.92,0,0
182.85,100.0,100.0,0,0,18.95,24.97,0,0
183.84,100.0,100.0,0,0,18.92,25.02,0,0
184.85,100.0,100.0,0,0,18.92,24.99,0,0
185.84,100.0,100.0,0,0,18.91,25.08,0,0
186.83,100.0,100.0,0,0,18.89,25.11,0,0
187.84,100.0,100.0,0,0,18.9,25.21,0,0
188.81,100.0,100.0,0,0,18.89,25.27,0,0
189.81,100.0,100.0,0,0,18.92,25.24,0,0
190.87,100.0,100.0,0,0,18.94,25.24,0,0
192.02,100.0,100.0,0,0,18.99,25.3,0,0
192.84,100.0,100.0,0,0,18.99,25.43,0,0
193.84,100.0,100.0,0,0,19.04,25.46,0,0
194.8,100.0,100.0,0,0,19.07,25.45,0,0
195.7,100.0,100.0,0,0,19.08,25.47,0,0
196.7,100.0,100.0,0,0,19.13,25.55,0,0
197.7,100.0,100.0,0,0,19.14,25.62,0,0
198.7,100.0,100.0,0,0,19.14,25.62,0,0
199.7,100.0,100.0,0,0,19.14,25.67,0,0
200.7,100.0,100.0,0,0,19.14,25.63,0,0
201.7,100.0,100.0,0,0,19.12,25.25,0,0
202.69,100.0,100.0,0,0,19.14,24.94,0,0
203.69,100.0,100.0,0,0,19.16,24.84,0,0
204.69,100.0,100.0,0,0,19.18,24.75,0,0
205.69,100.0,100.0,0,0,19.18,24.75,0,0
206.69,100.0,100.0,0,0,19.21,24.77,0,0
207.69,100.0,100.0,0,0,19.24,24.83,0,0
208.69,100.0,100.0,0,0,19.19,24.82,0,0
209.69,100.0,100.0,0,0,19.2,24.8,0,0
210.69,100.0,100.0,0,0,19.2,24.79,0,0
211.68,100.0,100.0,0,0,19.2,24.73,0,0
212.68,100.0,100.0,0,0,19.18,24.68,0,0
213.68,100.0,100.0,0,0,19.2,24.59,0,0
214.68,100.0,100.0,0,0,19.18,24.53,0,0
215.68,100.0,100.0,0,0,19.19,24.43,0,0
216.68,100.0,100.0,0,0,19.2,24.41,0,0
217.68,100.0,100.0,0,0,19.22,24.38,0,0
218.68,100.0,100.0,0,0,19.25,24.25,0,0
219.68,100.0,100.0,0,0,19.25,24.22,0,0
220.67,100.0,100.0,0,0,19.27,24.19,0,0
221.67,100.0,100.0,0,0,19.27,24.13,0,0
222.67,100.0,100.0,0,0,19.28,24.19,0,0
223.67,100.0,100.0,0,0,19.3,24.24,0,0
224.67,100.0,100.0,0,0,19.29,24.22,0,0
225.67,100.0,100.0,0,0,19.32,24.23,0,0
226.67,100.0,100.0,0,0,19.32,24.26,0,0
227.67,100.0,100.0,0,0,19.35,24.29,0,0
228.66,100.0,100.0,0,0,19.37,24.24,0,0
229.66,100.0,100.0,0,0,19.37,24.23,0,0
230.66,100.0,100.0,0,0,19.39,24.19,0,0
231.66,100.0,100.0,0,0,19.39,24.21,0,0
232.66,100.0,99.97,0,0,19.41,24.13,0,0
233.66,100.0,99.97,0,0,19.39,24.07,0,0
234.66,100.0,99.95,0,0,19.37,24.12,0,0
235.66,100.0,99.9,0,0,19.4,24.01,0,0
236.66,100.0,99.88,0,0,19.37,23.95,0,0
237.65,100.0,99.89,0,0,19.36,23.89,0,0
238.65,100.0,99.87,0,0,19.3,23.86,0,0
239.65,100.0,99.87,0,0,19.31,23.79,0,0
240.65,100.0,99.85,0,0,19.28,23.74,0,0
241.65,100.0,99.83,0,0,19.3,23.68,0,0
242.65,100.0,99.84,0,0,19.31,23.57,0,0
243.65,100.0,99.85,0,0,19.28,23.49,0,0
244.65,100.0,99.86,0,0,19.29,23.48,0,0
245.65,100.0,99.84,0,0,19.24,23.47,0,0
246.64,100.0,99.83,0,0,19.22,23.41,0,0
247.64,100.0,99.86,0,0,19.18,23.38,0,0
248.64,100.0,99.81,0,0,19.16,23.22,0,0
249.64,100.0,99.82,0,0,19.12,23.19,0,0
250.64,100.0,99.81,0,0,19.09,23.15,0,0
251.64,100.0,99.81,0,0,19.05,23.01,0,0
252.64,100.0,99.76,0,0,19.04,22.84,0,0
253.64,100.0,99.79,0,0,19.02,22.78,0,0
254.64,100.0,99.78,0,0,19.02,22.68,0,0
255.63,100.0,99.82,0,0,19.06,22.67,0,0
256.63,100.0,99.79,0,0,19.07,22.51,0,0
257.63,100.0,99.85,0,0,19.11,22.5,0,0
258.63,100.0,99.84,0,0,19.1,22.46,0,0
259.63,100.0,99.83,0,0,19.14,22.3,0,0
260.63,100.0,99.85,0,0,19.13,22.22,0,0
261.63,100.0,99.87,0,0,19.17,22.11,0,0
262.63,100.0,99.88,0,0,19.15,21.99,0,0
263.66,100.0,99.85,0,0,19.12,21.84,0,0
264.63,100.0,99.85,0,0,19.1,21.81,0,0
265.62,100.0,99.89,0,0,19.07,21.77,0,0
266.62,100.0,99.9,0,0,19.1,21.71,0,0
267.64,100.0,99.92,0,0,19.11,21.71,0,0
268.67,100.0,99.91,0,0,19.13,21.68,0,0
269.63,100.0,99.92,0,0,19.14,21.69,0,0
270.68,100.0,99.95,0,0,19.16,21.71,0,0
271.62,100.0,99.93,0,0,19.16,21.69,0,0
272.64,100.0,99.94,0,0,19.16,21.65,0,0
273.62,100.0,99.93,0,0,19.15,21.6,0,0
274.65,100.0,99.91,0,0,19.12,21.56,0,0
275.65,100.0,99.91,0,0,19.12,21.56,0,0
276.69,100.0,99.92,0,0,19.1,21.58,0,0
277.62,100.0,99.9,0,0,19.11,21.56,0,0
278.67,100.0,99.94,0,0,19.12,21.65,0,0
279.71,100.0,99.96,0,0,19.17,21.78,0,0
280.65,100.0,99.97,0,0,19.18,21.95,0,0
281.66,100.0,99.97,0,0,19.21,22.11,0,0
282.66,100.0,99.94,0,0,19.24,22.23,0,0
283.7,100.0,99.93,0,0,19.22,22.28,0,0
284.67,100.0,99.91,0,0,19.27,22.29,0,0
285.65,100.0,99.87,0,0,19.28,22.25,0,0
286.66,100.0,99.86,0,0,19.25,22.3,0,0
287.65,100.0,99.84,0,0,19.24,22.32,0,0
288.68,100.0,99.83,0,0,19.25,22.29,0,0
289.7,100.0,99.85,0,0,19.24,22.24,0,0
290.7,100.0,99.83,0,0,19.22,22.29,0,0
291.66,100.0,99.84,0,0,19.22,22.33,0,0
292.69,100.0,99.85,0,0,19.18,22.44,0,0
293.64,100.0,99.85,0,0,19.18,22.49,0,0
294.67,100.0,99.81,0,0,19.18,22.5,0,0
295.66,100.0,99.84,0,0,19.18,22.68,0,0
296.63,100.0,99.86,0,0,19.2,22.9,0,0
297.64,100.0,99.79,0,0,19.25,22.81,0,0
298.64,100.0,99.76,0,0,19.25,22.79,0,0
299.64,100.0,99.74,0,0,19.3,22.77,0,0
300.66,100.0,99.73,0,0,19.31,22.68,0,0
301.71,100.0,99.72,0,0,19.34,22.63,0,0
302.64,100.0,99.75,0,0,19.34,22.61,0,0
303.71,100.0,99.76,0,0,19.35,22.6,0,0
304.66,100.0,99.77,0,0,19.35,22.65,0,0
305.67,100.0,99.78,0,0,19.33,22.72,0,0
306.65,100.0,99.78,0,0,19.33,22.76,0,0
307.72,100.0,99.75,0,0,19.3,22.78,0,0
308.64,100.0,99.75,0,0,19.29,22.83,0,0
309.69,100.0,99.75,0,0,19.27,22.85,0,0
310.66,100.0,99.76,0,0,19.25,22.94,0,0
311.64,100.0,99.72,0,0,19.26,22.95,0,0
312.67,100.0,99.68,0,0,19.26,22.88,0,0
313.66,100.0,99.65,0,0,19.3,22.68,0,0
314.65,100.0,99.69,0,0,19.26,22.57,0,0
315.69,100.0,99.7,0,0,19.27,22.48,0,0
316.71,100.0,99.73,0,0,19.23,22.45,0,0
317.66,100.0,99.75,0,0,19.22,22.47,0,0
318.67,100.0,99.74,0,0,19.2,22.44,0,0
319.71,100.0,99.72,0,0,19.22,22.35,0,0
320.7,100.0,99.73,0,0,19.21,22.22,0,0
321.57,100.0,99.72,0,0,19.21,22.13,0,0
322.57,100.0,99.77,0,0,19.2,22.08,0,0
323.57,100.0,99.75,0,0,19.2,22.01,0,0
324.56,100.0,99.76,0,0,19.2,21.97,0,0
325.56,100.0,99.78,0,0,19.2,21.97,0,0
326.56,100.0,99.78,0,0,19.19,21.92,0,0
327.56,100.0,99.77,0,0,19.17,21.87,0,0
328.56,100.0,99.79,0,0,19.17,21.88,0,0
329.56,100.0,99.81,0,0,19.16,21.97,0,0
330.56,100.0,99.82,0,0,19.17,21.98,0,0
331.56,100.0,99.78,0,0,19.16,21.96,0,0
332.56,100.0,99.77,0,0,19.16,21.97,0,0
333.55,100.0,99.78,0,0,19.17,22.03,0,0
334.55,100.0,99.77,0,0,19.16,22.01,0,0
335.55,100.0,99.77,0,0,19.17,22.05,0,0
336.55,100.0,99.81,0,0,19.17,22.14,0,0
337.55,100.0,99.77,0,0,19.22,22.13,0,0
338.55,100.0,99.74,0,0,19.24,21.92,0,0
339.55,100.0,99.71,0,0,19.26,21.68,0,0
340.55,100.0,99.77,0,0,19.31,21.72,0,0
341.55,100.0,99.8,0,0,19.31,21.74,0,0
342.54,100.0,99.81,0,0,19.33,21.75,0,0
343.54,100.0,99.82,0,0,19.35,21.8,0,0
344.54,100.0,99.81,0,0,19.35,21.8,0,0
345.54,100.0,99.8,0,0,19.33,21.69,0,0
346.54,100.0,99.84,0,0,19.33,21.84,0,0
347.54,100.0,99.83,0,0,19.33,21.88,0,0
348.54,100.0,99.82,0,0,19.35,21.93,0,0
349.54,100.0,99.79,0,0,19.34,21.86,0,0
350.54,100.0,99.77,0,0,19.35,21.77,0,0
351.54,100.0,99.76,0,0,19.35,21.69,0,0
352.53,100.0,99.77,0,0,19.37,21.58,0,0
353.53,100.0,99.77,0,0,19.36,21.52,0,0
354.53,100.0,99.76,0,0,19.35,21.31,0,0
355.53,100.0,99.81,0,0,19.34,21.29,0,0
356.53,100.0,99.84,0,0,19.34,21.4,0,0
357.53,100.0,99.88,0,0,19.35,21.57,0,0
358.53,100.0,99.87,0,0,19.33,21.71,0,0
359.53,100.0,99.86,0,0,19.34,21.81,0,0
360.53,100.0,99.8,0,0,19.34,21.73,0,0
361.53,100.0,99.79,0,0,19.34,21.62,0,0
362.52,100.0,99.81,0,0,19.35,21.57,0,0
363.52,100.0,99.82,0,0,19.37,21.53,0,0
364.53,100.0,99.81,0,0,19.39,21.47,0,0
365.52,100.0,99.84,0,0,19.38,21.67,0,0
366.52,100.0,99.87,0,0,19.39,21.86,0,0
367.52,100.0,99.84,0,0,19.4,21.97,0,0
368.52,100.0,99.84,0,0,19.43,22.02,0,0
369.52,100.0,99.8,0,0,19.45,22.03,0,0
370.52,100.0,99.79,0,0,19.45,22.08,0,0
371.52,100.0,99.77,0,0,19.46,22.17,0,0
372.51,100.0,99.77,0,0,19.43,22.22,0,0
373.51,100.0,99.75,0,0,19.41,22.26,0,0
374.56,100.0,99.73,0,0,19.39,22.28,0,0
375.51,100.0,99.72,0,0,19.35,22.3,0,0
376.51,100.0,99.73,0,0,19.36,22.3,0,0
377.51,100.0,99.72,0,0,19.35,22.27,0,0
378.53,100.0,99.7,0,0,19.33,22.26,0,0
379.53,100.0,99.65,0,0,19.35,22.06,0,0
380.51,100.0,99.67,0,0,19.33,21.92,0,0
381.52,100.0,99.69,0,0,19.34,21.94,0,0
382.52,100.0,99.72,0,0,19.37,21.91,0,0
383.55,100.0,99.73,0,0,19.35,21.85,0,0
384.51,100.0,99.79,0,0,19.4,22.08,0,0
385.57,100.0,99.8,0,0,19.39,22.2,0,0
386.53,100.0,99.77,0,0,19.4,22.25,0,0
387.56,100.0,99.76,0,0,19.45,22.27,0,0
388.52,100.0,99.71,0,0,19.45,22.02,0,0
389.54,100.0,99.67,0,0,19.47,21.76,0,0
390.55,100.0,99.71,0,0,19.47,21.69,0,0
391.52,100.0,99.73,0,0,19.47,21.54,0,0
392.52,100.0,99.74,0,0,19.45,21.44,0,0
393.55,100.0,99.76,0,0,19.41,21.34,0,0
394.52,100.0,99.77,0,0,19.39,21.28,0,0
395.56,100.0,99.79,0,0,19.39,21.14,0,0
396.54,100.0,99.83,0,0,19.36,21.05,0,0
397.55,100.0,99.83,0,0,19.35,21.03,0,0
398.54,100.0,99.85,0,0,19.36,20.97,0,0
399.55,100.0,99.85,0,0,19.39,20.95,0,0
400.6,100.0,99.88,0,0,19.39,20.94,0,0
401.55,100.0,99.88,0,0,19.41,20.99,0,0
402.54,100.0,99.89,0,0,19.39,21.02,0,0
403.55,100.0,99.91,0,0,19.36,21.05,0,0
404.57,100.0,99.9,0,0,19.38,21.07,0,0
405.53,100.0,99.9,0,0,19.36,21.06,0,0
406.6,100.0,99.9,0,0,19.35,21.12,0,0
407.55,100.0,99.88,0,0,19.35,21.14,0,0
408.53,100.0,99.89,0,0,19.33,21.17,0,0
409.54,100.0,99.89,0,0,19.36,21.25,0,0
410.52,100.0,99.88,0,0,19.32,21.29,0,0
411.56,100.0,99.87,0,0,19.34,21.31,0,0
412.54,100.0,99.84,0,0,19.32,21.32,0,0
413.56,100.0,99.79,0,0,19.33,21.04,0,0
414.59,100.0,99.75,0,0,19.36,20.71,0,0
415.53,100.0,99.8,0,0,19.37,20.67,0,0
416.59,100.0,99.85,0,0,19.38,20.65,0,0
417.57,100.0,99.88,0,0,19.38,20.53,0,0
418.55,100.0,99.9,0,0,19.39,20.57,0,0
419.52,100.0,99.92,0,0,19.36,20.6,0,0
420.53,100.0,99.95,0,0,19.39,20.61,0,0
421.56,100.0,99.98,0,0,19.41,20.69,0,0
422.53,100.0,99.95,0,0,19.42,20.67,0,0
423.58,100.0,99.96,0,0,19.44,20.66,0,0
424.53,100.0,99.95,0,0,19.41,20.65,0,0
425.56,100.0,99.94,0,0,19.47,20.58,0,0
426.61,100.0,99.94,0,0,19.47,20.51,0,0
427.57,100.0,99.93,0,0,19.47,20.35,0,0
428.56,100.0,99.93,0,0,19.47,20.29,0,0
429.67,100.0,99.96,0,0,19.45,20.25,0,0
430.64,100.0,99.97,0,0,19.48,20.22,0,0
431.64,100.0,99.96,0,0,19.47,20.13,0,0
432.59,100.0,99.98,0,0,19.47,20.07,0,0
433.62,100.0,100.0,0,0,19.44,20.08,0,0
434.62,100.0,100.0,0,0,19.45,20.26,0,0
435.55,100.0,100.0,0,0,19.46,20.33,0,0
436.57,100.0,100.0,0,0,19.5,20.3,0,0
437.53,100.0,100.0,0,0,19.53,20.33,0,0
438.52,100.0,100.0,0,0,19.55,20.27,0,0
439.44,100.0,100.0,0,0,19.55,20.3,0,0
440.58,100.0,100.0,0,0,19.6,20.22,0,0
441.52,100.0,100.0,0,0,19.6,20.29,0,0
442.44,100.0,100.0,0,0,19.61,20.33,0,0
443.53,100.0,100.0,0,0,19.61,20.28,0,0
444.44,100.0,100.0,0,0,19.64,20.24,0,0
445.44,100.0,100.0,0,0,19.62,20.39,0,0
446.43,100.0,100.0,0,0,19.64,20.6,0,0
447.43,100.0,100.0,0,0,19.64,20.69,0,0
448.43,100.0,100.0,0,0,19.65,20.78,0,0
449.43,100.0,100.0,0,0,19.63,20.88,0,0
450.43,100.0,100.0,0,0,19.64,20.92,0,0
451.43,100.0,100.0,0,0,19.66,20.91,0,0
452.43,100.0,100.0,0,0,19.65,20.93,0,0
453.43,100.0,99.99,0,0,19.66,20.92,0,0
454.43,100.0,99.94,0,0,19.67,20.67,0,0
455.43,100.0,99.92,0,0,19.67,20.5,0,0
456.42,100.0,99.94,0,0,19.69,20.5,0,0
457.42,100.0,100.0,0,0,19.65,20.68,0,0
458.42,100.0,100.0,0,0,19.66,20.77,0,0
459.42,100.0,100.0,0,0,19.65,20.83,0,0
460.42,100.0,100.0,0,0,19.65,20.88,0,0
461.42,100.0,99.99,0,0,19.6,20.94,0,0
462.42,100.0,99.95,0,0,19.58,20.73,0,0
463.42,100.0,99.88,0,0,19.57,20.37,0,0
464.42,100.0,99.87,0,0,19.58,20.2,0,0
465.41,100.0,99.91,0,0,19.53,20.18,0,0
466.41,100.0,99.98,0,0,19.53,20.33,0,0
467.41,100.0,100.0,0,0,19.53,20.64,0,0
468.41,100.0,100.0,0,0,19.51,20.85,0,0
469.41,100.0,100.0,0,0,19.53,21.02,0,0
470.41,100.0,100.0,0,0,19.51,21.1,0,0
471.41,100.0,99.98,0,0,19.53,21.15,0,0
472.41,100.0,99.98,0,0,19.56,21.24,0,0
473.41,100.0,99.97,0,0,19.56,21.39,0,0
474.41,100.0,99.96,0,0,19.59,21.49,0,0
475.4,100.0,99.94,0,0,19.59,21.65,0,0
476.4,100.0,99.92,0,0,19.58,21.75,0,0
477.4,100.0,99.89,0,0,19.56,21.87,0,0
478.4,100.0,99.84,0,0,19.57,21.96,0,0
479.4,100.0,99.84,0,0,19.56,22.06,0,0
480.4,100.0,99.81,0,0,19.58,22.16,0,0
481.4,100.0,99.79,0,0,19.58,22.22,0,0
482.4,100.0,99.74,0,0,19.58,22.13,0,0
483.4,100.0,99.73,0,0,19.53,22.1,0,0
484.4,100.0,99.72,0,0,19.55,22.08,0,0
485.39,100.0,99.73,0,0,19.55,22.08,0,0
486.39,100.0,99.72,0,0,19.52,22.04,0,0
487.39,100.0,99.74,0,0,19.51,22.05,0,0
488.39,100.0,99.7,0,0,19.51,21.96,0,0
489.39,100.0,99.73,0,0,19.49,21.97,0,0
490.39,100.0,99.72,0,0,19.49,22.01,0,0
491.39,100.0,99.73,0,0,19.49,21.85,0,0
492.39,100.0,99.73,0,0,19.47,21.79,0,0
493.39,100.0,99.75,0,0,19.49,21.75,0,0
494.39,100.0,99.74,0,0,19.51,21.66,0,0
495.39,100.0,99.77,0,0,19.54,21.64,0,0
496.39,100.0,99.78,0,0,19.53,21.62,0,0
497.39,100.0,99.79,0,0,19.58,21.62,0,0
498.38,100.0,99.77,0,0,19.59,21.5,0,0
499.39,100.0,99.78,0,0,19.56,21.44,0,0
500.4,100.0,99.79,0,0,19.58,21.33,0,0
501.42,100.0,99.8,0,0,19.56,21.31,0,0
502.41,100.0,99.82,0,0,19.56,21.25,0,0
503.4,100.0,99.82,0,0,19.53,21.22,0,0
504.43,100.0,99.81,0,0,19.49,21.22,0,0
505.42,100.0,99.84,0,0,19.49,21.24,0,0
506.44,100.0,99.86,0,0,19.49,21.33,0,0
507.49,100.0,99.8,0,0,19.5,21.28,0,0
508.43,100.0,99.82,0,0,19.51,21.23,0,0
509.43,100.0,99.84,0,0,19.51,21.28,0,0
510.42,100.0,99.84,0,0,19.5,21.37,0,0
511.43,100.0,99.81,0,0,19.52,21.37,0,0
512.42,100.0,99.78,0,0,19.52,21.16,0,0
513.42,100.0,99.79,0,0,19.51,21.02,0,0
514.45,100.0,99.81,0,0,19.53,20.95,0,0
515.47,100.0,99.84,0,0,19.52,20.92,0,0
516.43,100.0,99.87,0,0,19.52,20.96,0,0
517.41,100.0,99.85,0,0,19.5,20.88,0,0
518.42,100.0,99.82,0,0,19.49,20.68,0,0
519.46,100.0,99.86,0,0,19.51,20.72,0,0
520.45,100.0,99.9,0,0,19.5,20.85,0,0
521.44,100.0,99.87,0,0,19.51,20.78,0,0
522.42,100.0,99.86,0,0,19.48,20.78,0,0
523.4,100.0,99.87,0,0,19.51,20.81,0,0
524.4,100.0,99.92,0,0,19.49,20.87,0,0
525.4,100.0,99.91,0,0,19.51,20.89,0,0
526.44,100.0,99.92,0,0,19.51,20.97,0,0
527.41,100.0,99.87,0,0,19.51,21.04,0,0
528.42,100.0,99.9,0,0,19.49,21.13,0,0
529.41,100.0,99.83,0,0,19.51,21.11,0,0
530.41,100.0,99.86,0,0,19.51,21.14,0,0
531.49,100.0,99.83,0,0,19.47,21.11,0,0
532.44,100.0,99.83,0,0,19.46,21.04,0,0
533.47,100.0,99.81,0,0,19.46,20.99,0,0
534.43,100.0,99.8,0,0,19.51,20.89,0,0
535.41,100.0,99.83,0,0,19.52,20.85,0,0
536.43,100.0,99.84,0,0,19.49,20.83,0,0
537.44,100.0,99.83,0,0,19.51,20.77,0,0
538.42,100.0,99.87,0,0,19.53,20.76,0,0
539.49,100.0,99.82,0,0,19.51,20.57,0,0
540.44,100.0,99.83,0,0,19.49,20.35,0,0
541.44,100.0,99.84,0,0,19.49,20.27,0,0
542.5,100.0,99.88,0,0,19.49,20.32,0,0
543.45,100.0,99.89,0,0,19.51,20.38,0,0
544.44,100.0,99.93,0,0,19.5,20.39,0,0
545.45,100.0,99.94,0,0,19.51,20.38,0,0
546.45,100.0,99.92,0,0,19.51,20.41,0,0
547.47,100.0,99.9,0,0,19.51,20.32,0,0
548.41,100.0,99.9,0,0,19.52,20.23,0,0
549.43,100.0,99.9,0,0,19.53,20.18,0,0
550.43,100.0,99.95,0,0,19.53,20.3,0,0
551.46,100.0,99.94,0,0,19.53,20.29,0,0
552.44,100.0,99.93,0,0,19.54,20.31,0,0
553.45,100.0,99.95,0,0,19.55,20.34,0,0
554.44,100.0,99.93,0,0,19.53,20.31,0,0
555.45,100.0,99.94,0,0,19.55,20.29,0,0
556.4,100.0,99.9,0,0,19.56,20.23,0,0
557.42,100.0,99.89,0,0,19.57,20.13,0,0
558.48,100.0,99.92,0,0,19.58,20.18,0,0
559.46,100.0,99.94,0,0,19.59,20.3,0,0
560.45,100.0,99.96,0,0,19.59,20.39,0,0
561.32,100.0,99.96,0,0,19.57,20.46,0,0
562.32,100.0,99.93,0,0,19.55,20.46,0,0
563.32,100.0,99.91,0,0,19.53,20.52,0,0
564.32,100.0,99.91,0,0,19.55,20.54,0,0
565.32,100.0,99.92,0,0,19.54,20.59,0,0
566.32,100.0,99.9,0,0,19.54,20.65,0,0
567.31,100.0,99.9,0,0,19.56,20.67,0,0
568.31,100.0,99.88,0,0,19.57,20.74,0,0
569.31,100.0,99.87,0,0,19.57,20.72,0,0
570.31,100.0,99.87,0,0,19.54,20.72,0,0
571.31,100.0,99.9,0,0,19.55,20.75,0,0
572.31,100.0,99.87,0,0,19.55,20.8,0,0
573.31,100.0,99.85,0,0,19.52,20.73,0,0
574.31,100.0,99.82,0,0,19.55,20.68,0,0
575.3,100.0,99.85,0,0,19.56,20.67,0,0
576.3,100.0,99.82,0,0,19.58,20.65,0,0
577.3,100.0,99.88,0,0,19.59,20.64,0,0
578.3,100.0,99.88,0,0,19.61,20.58,0,0
579.3,100.0,99.88,0,0,19.62,20.57,0,0
580.3,100.0,99.88,0,0,19.63,20.59,0,0
581.3,100.0,99.91,0,0,19.63,20.75,0,0
582.3,100.0,99.89,0,0,19.62,20.82,0,0
583.3,100.0,99.89,0,0,19.59,20.89,0,0
584.3,100.0,99.85,0,0,19.58,20.92,0,0
585.3,100.0,99.83,0,0,19.57,20.92,0,0
586.29,100.0,99.79,0,0,19.58,20.93,0,0
587.29,100.0,99.79,0,0,19.56,20.95,0,0
588.29,100.0,99.78,0,0,19.53,20.94,0,0
589.29,100.0,99.76,0,0,19.54,21.02,0,0
590.29,100.0,99.73,0,0,19.53,20.92,0,0
591.29,100.0,99.74,0,0,19.51,20.91,0,0
592.29,100.0,99.73,0,0,19.52,20.83,0,0
593.29,100.0,99.7,0,0,19.52,20.78,0,0
594.29,100.0,99.73,0,0,19.52,20.8,0,0
595.28,100.0,99.71,0,0,19.52,20.8,0,0
596.28,100.0,99.74,0,0,19.55,20.84,0,0
597.28,100.0,99.75,0,0,19.54,20.84,0,0
598.28,100.0,99.77,0,0,19.56,20.88,0,0
599.28,100.0,99.76,0,0,19.56,20.92,0,0
600.28,100.0,99.73,0,0,19.55,20.84,0,0
